image_path,image_basename,width,height,ratio,face_count,face_top_pct,headroom_pct,focus_y_pct,alpha_top_pct,final_crop_safe,decision_reason
images\adobestock_414079274-soccer_ball_and_field.jpeg,adobestock_414079274-soccer_ball_and_field.jpeg,5000,2750,1.8182,0,,,,,1,none
images\adobestock_536942588-ellipse.png,adobestock_536942588-ellipse.png,307,400,0.7675,0,,0.0,,0.0,0,alpha
images\brands\adidas\banners\01-urban.png,01-urban.png,2000,667,2.9985,0,,0.0,,0.0,0,alpha
images\brands\adidas\banners\kids\01.png,01.png,1920,860,2.2326,0,,0.0,,0.0,0,alpha
images\brands\adidas\banners\men\urban\01.png,01.png,2000,667,2.9985,0,,0.0,,0.0,0,alpha
images\brands\adidas\banners\men\urban\02.png,02.png,1464,600,2.44,1,12.11,12.11,14.0,0.0,1,face
images\brands\adidas\banners\men\urban\03.png,03.png,1464,600,2.44,1,28.83,28.83,35.0,0.0,1,face
images\brands\adidas\banners\women\streetwear.png,streetwear.png,1920,800,2.4,1,14.53,14.53,28.9,0.0,1,face
images\brands\adidas\banners\women\blackpink\jennie\superstar-the_original\01.png,01.png,1365,2048,0.6665,1,37.54,37.54,35.0,4.49,1,face
images\brands\adidas\banners\women\blackpink\jennie\superstar-the_original\02.png,02.png,1365,2048,0.6665,1,23.21,23.21,35.0,0.0,1,face
images\brands\adidas\banners\women\blackpink\jennie\superstar-the_original\03.png,03.png,1808,1166,1.5506,1,16.0,16.0,22.1,1.37,1,face
images\brands\adidas\banners\women\blackpink\jennie\superstar-the_original\04.png,04.png,1628,1700,0.9576,1,29.43,29.43,35.0,1.24,1,face
images\brands\adidas\banners\women\blackpink\jennie\superstar-the_original\05.png,05.png,576,732,0.7869,1,7.8,7.8,13.1,0.0,1,face
images\brands\adidas\banners\women\blackpink\jennie\superstar-the_original\06.png,06.png,1536,1024,1.5,1,13.38,13.38,19.2,,1,face
images\brands\adidas\kids\marvel-spider_man\backpack\01.png,01.png,372,545,0.6826,0,,0.0,,0.0,0,alpha
images\brands\adidas\kids\marvel-spider_man\backpack\02.png,02.png,352,552,0.6377,0,,0.18,,0.18,0,alpha
images\brands\adidas\kids\marvel-spider_man\backpack\03.png,03.png,351,557,0.6302,0,,1.08,,1.08,0,alpha
images\brands\adidas\kids\marvel-spider_man\backpack\04.png,04.png,367,543,0.6759,0,,1.29,,1.29,0,alpha
images\brands\adidas\kids\marvel-spider_man\backpack\05.png,05.png,642,862,0.7448,0,,0.0,,0.0,0,alpha
images\brands\adidas\kids\marvel-spider_man\banner\global_disney_marvel_superheroes-launch\01.png,01.png,1920,810,2.3704,1,15.51,15.51,26.0,0.0,1,face
images\brands\adidas\kids\marvel-spider_man\banner\global_disney_marvel_superheroes-launch\02.png,02.png,3072,2304,1.3333,1,10.34,10.34,14.9,0.0,1,face
images\brands\adidas\kids\marvel-spider_man\t-shirt\01.png,01.png,646,937,0.6894,1,8.67,8.67,9.0,0.53,1,face
images\brands\adidas\kids\marvel-spider_man\t-shirt\02.png,02.png,1794,1758,1.0205,0,,0.97,,0.97,0,alpha
images\brands\adidas\kids\marvel-spider_man\tracksuit\01.png,01.png,1256,1766,0.7112,1,5.78,5.78,8.0,0.79,0,face
images\brands\adidas\kids\marvel-spider_man\tracksuit\02.png,02.png,1148,1754,0.6545,1,5.7,5.7,8.0,0.51,0,face
images\brands\adidas\kids\marvel-spider_man\tracksuit\03.png,03.png,776,1754,0.4424,1,3.03,3.03,8.0,0.97,0,face
images\brands\adidas\kids\marvel-spider_man\tracksuit\04.png,04.png,656,1742,0.3766,0,,0.4,,0.4,0,alpha
images\brands\adidas\kids\marvel-spider_man\trainers-light_up\01.png,01.png,1564,984,1.5894,0,,3.05,,3.05,1,alpha
images\brands\adidas\men\3-stripes\running_tee\01.png,01.png,679,1156,0.5874,1,5.86,5.86,8.0,0.09,0,face
images\brands\adidas\men\campus_sneakers\01.png,01.png,864,393,2.1985,0,,1.53,,1.53,1,alpha
images\brands\adidas\men\campus_sneakers\02.png,02.png,645,486,1.3272,0,,2.47,,2.47,1,alpha
images\brands\adidas\men\campus_sneakers\03.png,03.png,618,423,1.461,2,13.81,13.81,23.5,1.18,1,face
images\brands\adidas\men\campus_sneakers\04.png,04.png,657,531,1.2373,0,,0.0,,0.0,0,alpha
images\brands\adidas\men\campus_sneakers\05.png,05.png,348,474,0.7342,2,12.33,12.33,16.6,1.27,1,face
images\brands\adidas\men\campus_sneakers\06.png,06.png,666,258,2.5814,0,,3.49,,3.49,1,alpha
images\brands\adidas\men\poly_linear_full_zip_hoodie_and_pants\01.png,01.png,956,919,1.0403,2,9.63,9.63,10.9,1.41,1,face
images\brands\adidas\men\poly_linear_full_zip_hoodie_and_pants\02.png,02.png,447,945,0.473,1,8.21,8.21,9.7,0.63,1,face
images\brands\adidas\men\poly_linear_full_zip_hoodie_and_pants\03.png,03.png,525,939,0.5591,1,8.83,8.83,10.6,0.32,1,face
images\brands\adidas\men\poly_linear_full_zip_hoodie_and_pants\04.png,04.png,339,927,0.3657,1,4.68,4.68,8.0,0.43,0,face
images\brands\adidas\men\poly_linear_full_zip_hoodie_and_pants\05.png,05.png,750,945,0.7937,1,15.65,15.65,20.7,0.63,1,face
images\brands\adidas\men\poly_linear_full_zip_hoodie_and_pants\06.png,06.png,591,957,0.6176,0,,0.0,,0.0,0,alpha
images\brands\adidas\men\poly_linear_full_zip_hoodie_and_pants\07.png,07.png,714,957,0.7461,0,,0.0,,0.0,0,alpha
images\brands\adidas\men\poly_linear_full_zip_hoodie_and_pants\08.png,08.png,537,897,0.5987,0,,0.0,,0.0,0,alpha
images\brands\adidas\men\poly_linear_full_zip_hoodie_and_pants\09.png,09.png,342,903,0.3787,1,4.91,4.91,8.0,0.66,0,face
images\brands\adidas\other\UEFA_Euro16-Top_Glider_Ball.png,UEFA_Euro16-Top_Glider_Ball.png,500,500,1.0,0,,5.8,,5.8,1,alpha
images\brands\adidas\women\3-stripes\booty_shorts\01.png,01.png,558,942,0.5924,1,6.39,6.39,8.9,0.96,1,face
images\brands\adidas\women\3-stripes\booty_shorts\02.png,02.png,750,957,0.7837,0,,0.0,,0.0,0,alpha
images\brands\adidas\women\3-stripes\booty_shorts\03.png,03.png,750,957,0.7837,0,,0.0,,0.0,0,alpha
images\brands\adidas\women\3-stripes\booty_shorts\04.png,04.png,456,942,0.4841,1,0.62,0.62,8.0,0.0,0,face
images\brands\adidas\women\3-stripes\booty_shorts\05.png,05.png,372,927,0.4013,1,3.93,3.93,8.0,0.65,0,face
images\brands\adidas\women\3-stripes\flared_leggings\01.png,01.png,265,607,0.4366,1,5.69,5.69,8.0,1.32,0,face
images\brands\adidas\women\3-stripes\flared_leggings\02.png,02.png,269,611,0.4403,1,5.57,5.57,8.0,0.49,0,face
images\brands\adidas\women\3-stripes\hyperglam_long_sleeve_crop_top_and_full-length_leggings\01.png,01.png,884,1163,0.7601,1,7.12,7.12,9.0,0.43,1,face
images\brands\adidas\women\3-stripes\hyperglam_long_sleeve_crop_top_and_full-length_leggings\02.png,02.png,678,918,0.7386,1,6.63,6.63,9.4,0.65,1,face
images\brands\adidas\women\3-stripes\hyperglam_long_sleeve_crop_top_and_full-length_leggings\03.png,03.png,375,894,0.4195,1,7.45,7.45,10.0,0.78,1,face
images\brands\adidas\women\3-stripes\hyperglam_long_sleeve_crop_top_and_full-length_leggings\04.png,04.png,657,933,0.7042,1,11.35,11.35,14.4,0.54,1,face
images\brands\adidas\women\3-stripes\hyperglam_long_sleeve_crop_top_and_full-length_leggings\05.png,05.png,750,957,0.7837,1,0.0,0.0,8.0,0.0,0,face
images\brands\adidas\women\3-stripes\powerreact_training-medium_support-sports_bra\01.png,01.png,600,600,1.0,0,,0.0,,0.0,0,alpha
images\brands\adidas\women\3-stripes\powerreact_training-medium_support-sports_bra\02.png,02.png,435,928,0.4688,0,,0.0,,0.0,0,alpha
images\brands\adidas\women\3-stripes\powerreact_training-medium_support-sports_bra\03.png,03.png,621,928,0.6692,1,6.3,6.3,10.0,0.0,1,face
images\brands\adidas\women\3-stripes\powerreact_training-medium_support-sports_bra\04.png,04.png,642,783,0.8199,0,,1.02,,1.02,0,alpha
images\brands\adidas\women\3-stripes\tights\01.png,01.png,1200,2250,0.5333,1,8.59,8.59,13.7,0.0,1,face
images\brands\adidas\women\3-stripes\tights\02.png,02.png,1648,2026,0.8134,1,8.59,8.59,12.0,1.09,1,face
images\brands\adidas\women\3-stripes\tube_top\01.png,01.png,348,813,0.428,1,9.21,9.21,11.0,0.98,1,face
images\brands\adidas\women\3-stripes\tube_top\02.png,02.png,824,1922,0.4287,1,11.54,11.54,13.0,0.36,1,face
images\brands\adidas\women\3-stripes\tube_top\03.png,03.png,572,1868,0.3062,1,5.7,5.7,8.0,0.64,0,face
images\brands\adidas\women\3-stripes\tube_top\04.png,04.png,348,313,1.1118,0,,0.0,,0.0,0,alpha
images\brands\asics\banners\men\01-cross-country-running.jpg,01-cross-country-running.jpg,1640,600,2.7333,0,,,,,1,none
images\brands\asics\men\gel_training\shorts\01.png,01.png,552,1215,0.4543,1,4.89,4.89,8.0,0.82,0,face
images\brands\asics\men\gel_training\shorts\02.png,02.png,522,882,0.5918,0,,0.0,,0.0,0,alpha
images\brands\asics\men\gel_training\shorts\03.png,03.png,342,903,0.3787,1,4.44,4.44,8.0,0.78,0,face
images\brands\asics\men\gel_training\shorts\04.png,04.png,750,957,0.7837,0,,0.0,,0.0,0,alpha
images\brands\asics\men\gel_training\shorts\05.png,05.png,441,894,0.4933,0,,0.0,,0.0,0,alpha
images\brands\asics\men\gel_training\Zip-Track_Top\01.png,01.png,592,1191,0.4971,1,10.02,10.02,12.4,0.84,1,face
images\brands\asics\men\gel_training\Zip-Track_Top\02.png,02.png,414,939,0.4409,1,8.12,8.12,10.8,0.85,1,face
images\brands\asics\men\gel_training\Zip-Track_Top\03.png,03.png,321,888,0.3615,1,0.7,0.7,8.0,0.9,0,face
images\brands\asics\men\gel_training\Zip-Track_Top\04.png,04.png,489,900,0.5433,1,11.48,11.48,14.8,0.78,1,face
images\brands\asics\men\gel_training\Zip-Track_Top\05.png,05.png,456,930,0.4903,1,8.7,8.7,12.0,0.75,1,face
images\brands\asics\unisex\running_shoes\kayano_26.png,kayano_26.png,500,500,1.0,0,,21.6,,21.6,1,alpha
images\brands\asics\unisex\soccer_boots\gel_lethal_tigreor_8_IT.png,gel_lethal_tigreor_8_IT.png,500,500,1.0,0,,27.0,,27.0,1,alpha
images\brands\asos\4504-curve\sports_bra\high_support\zip-front-adjustable-straps\01.png,01.png,401,655,0.6122,1,8.64,8.64,10.5,0.76,1,face
images\brands\asos\4504-curve\sports_bra\high_support\zip-front-adjustable-straps\02.png,02.png,513,655,0.7832,0,,0.0,,0.0,0,alpha
images\brands\asos\4504-curve\sports_bra\high_support\zip-front-adjustable-straps\03.png,03.png,255,619,0.412,1,5.13,5.13,8.0,0.81,0,face
images\brands\aybl\adapt_seamless\shorts\01.png,01.png,580,1231,0.4712,1,8.36,8.36,10.8,0.57,1,face
images\brands\aybl\adapt_seamless\shorts\02.png,02.png,447,924,0.4838,1,3.05,3.05,9.7,0.0,0,face
images\brands\aybl\adapt_seamless\shorts\03.png,03.png,621,930,0.6677,0,,0.0,,0.0,0,alpha
images\brands\aybl\adapt_seamless\shorts\04.png,04.png,729,957,0.7618,0,,0.0,,0.0,0,alpha
images\brands\aybl\adapt_seamless\shorts\05.png,05.png,750,957,0.7837,0,,0.0,,0.0,0,alpha
images\brands\aybl\adapt_seamless\shorts\06.png,06.png,411,930,0.4419,1,9.71,9.71,12.7,0.54,1,face
images\brands\aybl\adapt_seamless\sports_bra\01.png,01.png,656,1235,0.5312,1,6.95,6.95,8.6,0.49,1,face
images\brands\aybl\adapt_seamless\sports_bra\02.png,02.png,402,939,0.4281,1,6.99,6.99,10.5,0.53,1,face
images\brands\aybl\adapt_seamless\sports_bra\03.png,03.png,432,936,0.4615,1,8.01,8.01,8.0,0.96,1,face
images\brands\aybl\adapt_seamless\sports_bra\04.png,04.png,750,915,0.8197,0,,0.0,,0.0,0,alpha
images\brands\aybl\adapt_seamless\sports_bra\05.png,05.png,750,957,0.7837,0,,0.0,,0.0,0,alpha
images\brands\aybl\adapt_seamless\sports_bra\06.png,06.png,498,894,0.557,1,24.27,24.27,23.4,0.78,1,face
images\brands\designer\kate_galliano\bodysuit\bubblegum\01.png,01.png,1189,2048,0.5806,1,8.26,8.26,8.0,1.37,1,face
images\brands\designer\kate_galliano\bodysuit\bubblegum\02.png,02.png,1249,1970,0.634,1,12.95,12.95,17.0,1.37,1,face
images\brands\designer\lisa_trujillo\kids\01-activewear.jpg,01-activewear.jpg,1440,1341,1.0738,5,11.82,11.82,10.7,,1,face
images\brands\designer\lisa_trujillo\kids\banner\01.png,01.png,1500,592,2.5338,0,,0.0,,0.0,0,alpha
images\brands\designer\lisa_trujillo\kids\banner\02.png,02.png,1500,593,2.5295,0,,0.0,,0.0,0,alpha
images\brands\designer\lisa_trujillo\kids\banner\03.png,03.png,1500,591,2.5381,1,25.71,25.71,35.0,0.0,1,face
images\brands\nike\banner-joyride.png,banner-joyride.png,1920,900,2.1333,0,,0.0,,0.0,0,alpha
images\brands\nike\kids\girls\futura\air\pink_and_white\01.png,01.png,363,738,0.4919,1,9.77,9.77,10.9,0.54,1,face
images\brands\nike\kids\girls\futura\air\pink_and_white\02.png,02.png,679,700,0.97,1,13.21,13.21,22.0,0.0,1,face
images\brands\nike\other\600ml_waterbottle.png,600ml_waterbottle.png,172,484,0.3554,0,,2.27,,2.27,1,alpha
images\brands\nike\women\running\swift_uv-12_zip_top\01.png,01.png,576,891,0.6465,1,10.24,10.24,12.5,0.9,1,face
images\brands\nike\women\running\swift_uv-12_zip_top\02.png,02.png,723,957,0.7555,1,11.97,11.97,14.1,1.04,1,face
images\brands\nike\women\running\swift_uv-12_zip_top\03.png,03.png,750,957,0.7837,1,19.31,19.31,27.5,0.0,1,face
images\brands\nike\women\running\swift_uv-12_zip_top\04.png,04.png,507,945,0.5365,1,11.98,11.98,15.4,1.16,1,face
images\brands\nike\women\running\swift_uv-12_zip_top\05.png,05.png,750,957,0.7837,0,,0.0,,0.0,0,alpha
images\brands\nike\women\running\swift_uv-12_zip_top\06.png,06.png,489,909,0.538,1,6.85,6.85,8.0,1.1,1,face
images\brands\nike\women\running\swift_uv-12_zip_top\07.png,07.png,750,957,0.7837,0,,0.0,,0.0,0,alpha
images\brands\nike\women\swoosh\sports_bra\medium-support-padded\01.png,01.png,1584,2160,0.7333,1,2.4,2.4,9.4,0.0,0,face
images\brands\nike\women\swoosh\sports_bra\medium-support-padded\02.png,02.png,1728,2160,0.8,1,5.23,5.23,13.4,0.0,0,face
images\brands\nike\women\swoosh\sports_bra\medium-support-padded\03.png,03.png,1728,2160,0.8,1,3.57,3.57,8.8,0.0,0,face
images\brands\nike\women\swoosh\sports_bra\medium-support-padded\04.png,04.png,520,1912,0.272,1,6.52,6.52,8.0,0.84,1,face
images\brands\nike\women\swoosh\sports_bra\medium-support-padded\05.png,05.png,584,1896,0.308,1,7.12,7.12,8.0,1.16,1,face
images\brands\nike\women\training\full-zip_top Tracksuit\01.png,01.png,820,1151,0.7124,1,5.0,5.0,8.0,0.87,0,face
images\brands\nike\women\training\full-zip_top Tracksuit\02.png,02.png,534,957,0.558,1,11.94,11.94,16.0,1.36,1,face
images\brands\nike\women\training\full-zip_top Tracksuit\03.png,03.png,711,957,0.7429,1,14.36,14.36,20.3,0.21,1,face
images\brands\nike\women\training\full-zip_top Tracksuit\04.png,04.png,480,957,0.5016,1,7.36,7.36,9.8,0.94,1,face
images\brands\nike\women\training\full-zip_top Tracksuit\05.png,05.png,513,945,0.5429,1,8.76,8.76,10.5,0.63,1,face
images\brands\nike\women\training\full-zip_top Tracksuit\06.png,06.png,339,909,0.3729,1,6.64,6.64,8.0,0.66,1,face
images\brands\nike\women\training\pro_mesh-3inch_shorts\01.png,01.png,984,1255,0.7841,0,,0.0,,0.0,0,alpha
images\brands\nike\women\training\pro_mesh-3inch_shorts\02.png,02.png,483,897,0.5385,1,6.42,6.42,8.0,0.22,1,face
images\brands\nike\women\training\pro_mesh-3inch_shorts\03.png,03.png,582,939,0.6198,0,,0.0,,0.0,0,alpha
images\brands\nike\women\training\pro_mesh-3inch_shorts\04.png,04.png,450,921,0.4886,0,,0.0,,0.0,0,alpha
images\brands\nike\women\training\pro_mesh-3inch_shorts\05.png,05.png,750,957,0.7837,0,,0.0,,0.0,0,alpha
images\brands\nike\women\zenvy\leggings-high-waisted-flared\01.png,01.png,696,1992,0.3494,1,6.68,6.68,8.0,1.05,1,face
images\brands\nike\women\zenvy\leggings-high-waisted-flared\02.png,02.png,624,2000,0.312,1,6.63,6.63,8.0,1.0,1,face
images\brands\nike\women\zenvy\leggings-high-waisted-flared\03.png,03.png,1728,2160,0.8,1,5.79,5.79,8.0,0.0,0,face
images\brands\nike\women\zenvy\leggings-high-waisted-flared\04.png,04.png,1728,2160,0.8,0,,0.0,,0.0,0,alpha
images\brands\nike\women\zenvy\leggings-high_waisted-full_length\01.png,01.png,800,2096,0.3817,1,4.47,4.47,8.0,0.76,0,face
images\brands\nike\women\zenvy\leggings-high_waisted-full_length\02.png,02.png,1592,2160,0.737,1,10.9,10.9,10.1,0.0,1,face
images\brands\other\protec-skate_helmet.png,protec-skate_helmet.png,900,900,1.0,0,,5.78,,5.78,1,alpha
images\brands\other\sting-armaplus-boxing_gloves-T3.png,sting-armaplus-boxing_gloves-T3.png,600,591,1.0152,0,,2.03,,2.03,1,alpha
images\brands\pangaia\stretch-compressive-volcanic_grey\leggings\01.png,01.png,348,993,0.3505,1,4.6,4.6,8.0,0.3,0,face
images\brands\pangaia\stretch-compressive-volcanic_grey\leggings\02.png,02.png,261,1011,0.2582,1,6.3,6.3,8.0,0.4,1,face
images\brands\pangaia\stretch-compressive-volcanic_grey\leggings\03.png,03.png,639,1023,0.6246,0,,0.0,,0.0,0,alpha
images\brands\pangaia\stretch-compressive-volcanic_grey\leggings\04.png,04.png,588,1023,0.5748,0,,0.0,,0.0,0,alpha
images\brands\pangaia\stretch-compressive-volcanic_grey\sports_bra\01.png,01.png,1500,2000,0.75,1,4.47,4.47,9.4,0.0,0,face
images\brands\pangaia\stretch-compressive-volcanic_grey\sports_bra\02.png,02.png,780,1952,0.3996,1,8.88,8.88,10.6,0.0,1,face
images\brands\pangaia\stretch-compressive-volcanic_grey\sports_bra\03.png,03.png,768,1964,0.391,1,19.03,19.03,24.1,0.46,1,face
images\brands\pangaia\stretch-compressive-volcanic_grey\sports_bra\04.png,04.png,624,812,0.7685,0,,0.74,,0.74,0,alpha
images\brands\puma\banner-1.png,banner-1.png,4480,1920,2.3333,0,,0.0,,0.0,0,alpha
images\brands\puma\unisex\training_shoes\rs-x³_spectra\01.png,01.png,2000,977,2.0471,0,,3.38,,3.38,1,alpha
images\brands\puma\unisex\training_shoes\rs-x³_spectra\02.png,02.png,781,586,1.3328,0,,0.17,,0.17,0,alpha
images\brands\reebok\banner-1.png,banner-1.png,4996,1249,4.0,0,,0.0,,0.0,0,alpha
images\brands\reebok\unisex\training_shoes\nano_x3\black_court_brown.png,black_court_brown.png,862,343,2.5131,0,,1.46,,1.46,0,alpha
images\brands\reebok\unisex\training_shoes\nano_x3\core_black-neon_cherry.png,core_black-neon_cherry.png,1541,646,2.3854,0,,0.0,,0.0,0,alpha
images\brands\reebok\unisex\training_shoes\nano_x3\pure_white.png,pure_white.png,861,380,2.2658,0,,2.89,,2.89,1,alpha
images\brands\stax\banners\women\01-hero-images-collage.png,01-hero-images-collage.png,983,270,3.6407,1,8.33,8.33,35.0,0.0,1,face
images\brands\stax\banners\women\02-seamless-tones.png,02-seamless-tones.png,1500,450,3.3333,0,,0.0,,0.0,0,alpha
images\brands\stax\video\melbourne\podolyano-kyah_richards.png,podolyano-kyah_richards.png,523,593,0.882,0,,0.0,,0.0,0,alpha
images\brands\stax\women\airlyte\active_zip_Jacket\01.png,01.png,428,1198,0.3573,1,6.2,6.2,8.0,1.0,1,face
images\brands\stax\women\airlyte\active_zip_Jacket\02.png,02.png,782,1414,0.553,1,10.92,10.92,12.1,2.05,1,face
images\brands\stax\women\airlyte\active_zip_Jacket\03.png,03.png,506,1210,0.4182,1,6.38,6.38,8.0,1.32,1,face
images\brands\stax\women\airlyte\active_zip_Jacket\04.png,04.png,488,1198,0.4073,1,6.07,6.07,8.0,1.17,1,face
images\brands\stax\women\airlyte\active_zip_Jacket\05.png,05.png,776,1342,0.5782,1,12.34,12.34,14.2,0.75,1,face
images\brands\stax\women\airlyte\active_zip_Jacket\06.png,06.png,734,1087,0.6753,0,,1.1,,1.1,0,alpha
images\brands\stax\women\airlyte\active_zip_Jacket\07.png,07.png,740,1099,0.6733,1,6.45,6.45,14.4,2.18,1,face
images\brands\stax\women\airlyte\backless_playsuit\01.png,01.png,875,1786,0.4899,1,8.43,8.43,11.5,0.73,1,face
images\brands\stax\women\airlyte\backless_playsuit\02.png,02.png,482,1234,0.3906,1,6.75,6.75,8.0,2.19,1,face
images\brands\stax\women\airlyte\backless_playsuit\03.png,03.png,449,1588,0.2827,0,,1.2,,1.2,0,alpha
images\brands\stax\women\airlyte\backless_playsuit\04.png,04.png,827,1858,0.4451,0,,0.0,,0.0,0,alpha
images\brands\stax\women\airlyte\backless_playsuit\05.png,05.png,503,1564,0.3216,1,5.76,5.76,8.0,1.02,0,face
images\brands\stax\women\airlyte\backless_playsuit\06.png,06.png,587,1420,0.4134,0,,1.62,,1.62,1,alpha
images\brands\stax\women\airlyte\backless_playsuit\07.png,07.png,593,1420,0.4176,0,,1.2,,1.2,0,alpha
images\brands\stax\women\airlyte\full-length_tights\01.png,01.png,845,1834,0.4607,0,,0.0,,0.0,0,alpha
images\brands\stax\women\airlyte\full-length_tights\02.png,02.png,392,1198,0.3272,1,13.96,13.96,18.5,1.84,1,face
images\brands\stax\women\airlyte\mini_biker_shorts\01.png,01.png,638,1414,0.4512,0,,0.0,,0.0,0,alpha
images\brands\stax\women\airlyte\mini_biker_shorts\02.png,02.png,464,1180,0.3932,1,4.96,4.96,8.0,1.02,0,face
images\brands\stax\women\airlyte\ruched_tank\01.png,01.png,1140,1466,0.7776,1,0.2,0.2,8.0,0.0,0,face
images\brands\stax\women\airlyte\ruched_tank\02.png,02.png,665,1564,0.4252,1,6.1,6.1,8.0,0.96,1,face
images\brands\stax\women\airlyte\ruched_tank\03.png,03.png,344,1192,0.2886,1,5.81,5.81,8.0,0.92,0,face
images\brands\stax\women\airlyte\ruched_tank\04.png,04.png,380,1192,0.3188,1,5.96,5.96,8.0,0.92,0,face
images\brands\stax\women\airlyte\ruched_tank\05.png,05.png,386,1198,0.3222,1,6.09,6.09,8.0,0.92,1,face
images\brands\stax\women\airlyte\ruched_tank\06.png,06.png,398,1186,0.3356,1,5.77,5.77,8.0,1.18,0,face
images\brands\stax\women\airlyte\ruched_tank\07.png,07.png,332,1204,0.2757,1,5.04,5.04,8.0,1.66,0,face
images\brands\stax\women\airlyte\ruched_tank\08.png,08.png,338,1186,0.285,1,4.61,4.61,8.0,0.93,0,face
images\brands\stax\women\airlyte\ruched_tank\09.png,09.png,326,1192,0.2735,0,,0.84,,0.84,0,alpha
images\brands\stax\women\airlyte\ruched_tank\10.png,10.png,236,1174,0.201,0,,1.19,,1.19,0,alpha
images\brands\stax\women\airlyte\ruched_tank\11.png,11.png,716,1093,0.6551,1,8.23,8.23,31.2,1.74,1,face
images\brands\stax\women\airlyte\ruched_tank\12.png,12.png,704,1105,0.6371,1,9.4,9.4,32.4,1.72,1,face
images\brands\stax\women\airlyte\wrap-longsleeve\01.png,01.png,1334,1723,0.7742,0,,0.0,,0.0,0,alpha
images\brands\stax\women\airlyte\wrap-longsleeve\02.png,02.png,980,1414,0.6931,1,6.58,6.58,15.9,0.0,1,face
images\brands\stax\women\airlyte\wrap-longsleeve\03.png,03.png,320,1192,0.2685,1,6.96,6.96,8.0,1.93,1,face
images\brands\stax\women\nandex\adira_crop\01.png,01.png,1680,2147,0.7825,0,,0.0,,0.0,0,alpha
images\brands\stax\women\nandex\adira_crop\02.png,02.png,512,1840,0.2783,1,5.35,5.35,8.0,0.71,0,face
images\brands\stax\women\nandex\adira_crop\03.png,03.png,1160,1282,0.9048,0,,1.17,,1.17,0,alpha
images\brands\stax\women\nandex\adira_crop\04.png,04.png,1160,1290,0.8992,0,,1.78,,1.78,1,alpha
images\brands\stax\women\nandex\flex_crop\01.png,01.png,669,1164,0.5747,1,11.88,11.88,15.3,1.03,1,face
images\brands\stax\women\nandex\flex_crop\02.png,02.png,1680,2147,0.7825,0,,0.0,,0.0,0,alpha
images\brands\stax\women\nandex\flex_crop\03.png,03.png,1216,1282,0.9485,0,,1.79,,1.79,1,alpha
images\brands\stax\women\nandex\flex_crop\04.png,04.png,1200,1282,0.936,0,,1.17,,1.17,0,alpha
images\brands\stax\women\nandex\strappy_crop\01.png,01.png,486,660,0.7364,1,0.0,0.0,8.0,0.0,0,face
images\brands\stax\women\nandex\strappy_crop\02.png,02.png,880,2160,0.4074,1,0.0,0.0,8.0,0.0,0,face
images\brands\stax\women\nandex\strappy_crop\03.png,03.png,648,1776,0.3649,1,7.18,7.18,8.0,0.68,1,face
images\brands\stax\women\nandex\strappy_crop\04.png,04.png,728,1832,0.3974,1,6.69,6.69,8.0,0.87,1,face
images\brands\stax\women\nandex\venus_skirt\02.png,02.png,912,2489,0.3664,1,4.52,4.52,8.0,0.24,0,face
images\brands\stax\women\nandex\venus_skirt\03.png,03.png,648,2201,0.2944,1,5.55,5.55,8.0,1.18,0,face
images\brands\stax\women\nandex\venus_skirt\04.png,04.png,808,2233,0.3618,1,4.95,4.95,8.0,1.21,0,face
images\brands\stax\women\nandex\venus_skirt\05.png,05.png,640,2241,0.2856,1,5.78,5.78,8.0,1.07,0,face
images\brands\stax\women\nandex\venus_skirt\06.png,06.png,576,2241,0.257,1,6.16,6.16,8.0,1.47,1,face
images\brands\stax\women\nandex\venus_skirt\07.png,07.png,1768,1568,1.1276,0,,1.08,,1.08,0,alpha
images\brands\stax\women\nandex\venus_skirt\08.png,08.png,1752,1568,1.1173,1,17.53,17.53,35.0,1.08,1,face
images\brands\stax\women\nandex\v_front-crop\01.png,01.png,993,1385,0.717,0,,0.0,,0.0,0,alpha
images\brands\stax\women\nandex\v_front-crop\02.png,02.png,710,1384,0.513,0,,0.0,,0.0,0,alpha
images\brands\stax\women\nandex\v_front-crop\03.png,03.png,374,1258,0.2973,1,6.15,6.15,8.0,1.35,1,face
images\brands\stax\women\nandex\v_front-crop\04.png,04.png,581,1654,0.3513,1,5.21,5.21,8.0,0.97,0,face
images\brands\stax\women\nandex\v_front-crop\05.png,05.png,374,1252,0.2987,1,7.05,7.05,8.0,1.6,1,face
images\brands\stax\women\nandex\v_front-crop\06.png,06.png,404,1252,0.3227,0,,1.36,,1.36,0,alpha
images\brands\stax\women\second_left_seamless_campaign\biker_shorts\01.png,01.png,547,722,0.7576,0,,0.0,,0.0,0,alpha
images\brands\stax\women\second_left_seamless_campaign\biker_shorts\02.png,02.png,902,1414,0.6379,0,,0.0,,0.0,0,alpha
images\brands\stax\women\second_left_seamless_campaign\biker_shorts\03.png,03.png,1193,1798,0.6635,1,8.48,8.48,10.5,0.28,1,face
images\brands\stax\women\second_left_seamless_campaign\biker_shorts\04.png,04.png,545,1164,0.4682,0,,0.0,,0.0,0,alpha
images\brands\stax\women\second_left_seamless_campaign\biker_shorts\05.png,05.png,2542,4208,0.6041,1,11.34,11.34,14.5,0.93,1,face
images\brands\stax\women\second_left_seamless_campaign\bralette\01.png,01.png,464,595,0.7798,0,,0.0,,0.0,0,alpha
images\brands\stax\women\second_left_seamless_campaign\bralette\02.png,02.png,565,722,0.7825,0,,0.0,,0.0,0,alpha
images\brands\stax\women\second_left_seamless_campaign\bralette\03.png,03.png,830,1405,0.5907,0,,0.0,,0.0,0,alpha
images\brands\stax\women\second_left_seamless_campaign\bralette\04.png,04.png,416,1186,0.3508,1,5.25,5.25,8.0,0.93,0,face
images\brands\stax\women\second_left_seamless_campaign\scoop_long_sleeve\01.png,01.png,1184,1520,0.7789,1,13.16,13.16,14.7,2.5,1,face
images\brands\stax\women\second_left_seamless_campaign\scoop_long_sleeve\02.png,02.png,488,818,0.5966,0,,0.0,,0.0,0,alpha
images\brands\stax\women\second_left_seamless_campaign\scoop_long_sleeve\03.png,03.png,980,1414,0.6931,1,0.93,0.93,8.0,0.0,0,face
images\brands\stax\women\second_left_seamless_campaign\scoop_long_sleeve\04.png,04.png,386,1195,0.323,1,6.48,6.48,8.0,1.34,1,face
images\brands\stax\women\second_left_seamless_campaign\scoop_long_sleeve\05.png,05.png,392,1180,0.3322,1,4.87,4.87,8.0,1.1,0,face
images\brands\underarmour\kids\girls\sports_bra\ua_crossback\01.png,01.png,1496,1950,0.7672,1,8.99,8.99,13.2,0.0,1,face
images\brands\underarmour\kids\girls\sports_bra\ua_crossback\02.png,02.png,1440,1950,0.7385,1,12.19,12.19,17.7,0.0,1,face
images\brands\underarmour\kids\girls\sports_bra\ua_crossback\03.png,03.png,1656,1950,0.8492,0,,0.0,,0.0,0,alpha
images\brands\underarmour\kids\girls\sports_bra\ua_crossback\04.png,04.png,1536,1560,0.9846,0,,1.09,,1.09,0,alpha
images\brands\underarmour\kids\girls\sports_bra\ua_crossback\05.png,05.png,1536,1536,1.0,0,,1.24,,1.24,0,alpha
images\brands\underarmour\men\poly_tracksuit\01.png,01.png,744,1147,0.6486,1,5.32,5.32,8.0,0.52,0,face
images\brands\underarmour\men\poly_tracksuit\02.png,02.png,492,942,0.5223,1,8.06,8.06,11.0,0.42,1,face
images\brands\underarmour\men\poly_tracksuit\03.png,03.png,750,942,0.7962,1,15.85,15.85,21.2,0.85,1,face
images\brands\underarmour\men\poly_tracksuit\04.png,04.png,516,957,0.5392,0,,0.0,,0.0,0,alpha
images\brands\underarmour\men\poly_tracksuit\05.png,05.png,750,957,0.7837,1,34.17,34.17,35.0,0.0,1,face
images\brands\underarmour\men\poly_tracksuit\06.png,06.png,468,918,0.5098,1,6.77,6.77,8.0,0.76,1,face
images\brands\underarmour\men\poly_tracksuit\07.png,07.png,327,909,0.3597,1,6.67,6.67,8.0,0.33,1,face
images\brands\underarmour\men\ua_storm_vanish_track_pants\01.png,01.png,633,2000,0.3165,1,5.07,5.07,8.0,0.8,0,face
images\brands\underarmour\men\ua_storm_vanish_track_pants\02.png,02.png,438,957,0.4577,0,,0.0,,0.0,0,alpha
images\brands\underarmour\men\ua_storm_vanish_track_pants\03.png,03.png,750,957,0.7837,0,,0.0,,0.0,0,alpha
images\brands\underarmour\men\ua_storm_vanish_track_pants\04.png,04.png,459,957,0.4796,0,,0.0,,0.0,0,alpha
images\brands\underarmour\men\ua_storm_vanish_track_pants\05.png,05.png,750,912,0.8224,0,,0.0,,0.0,0,alpha
images\brands\underarmour\women\wordmark_strappy_sports_bra\01.png,01.png,908,1255,0.7235,1,16.5,16.5,20.0,0.0,1,face
images\brands\underarmour\women\wordmark_strappy_sports_bra\02.png,02.png,489,957,0.511,1,10.87,10.87,12.8,1.25,1,face
images\brands\underarmour\women\wordmark_strappy_sports_bra\03.png,03.png,537,957,0.5611,1,12.12,12.12,14.9,0.0,1,face
images\brands\underarmour\women\wordmark_strappy_sports_bra\04.png,04.png,675,957,0.7053,1,19.73,19.73,27.9,0.0,1,face
images\brands\underarmour\women\wordmark_strappy_sports_bra\05.png,05.png,336,879,0.3823,1,8.4,8.4,10.5,0.91,1,face
images\brands\wilson\men\active_set\parkside_crew\01.png,01.png,640,780,0.8205,1,12.63,12.63,15.4,,1,face
images\brands\wilson\men\active_set\parkside_crew\02.png,02.png,689,1236,0.5574,1,11.78,11.78,13.2,0.4,1,face
images\brands\wilson\men\active_set\parkside_crew\03.png,03.png,601,1236,0.4862,1,11.52,11.52,12.8,0.16,1,face
images\brands\wilson\men\active_set\parkside_crew\04.png,04.png,553,1240,0.446,1,9.91,9.91,12.7,0.97,1,face
images\brands\wilson\men\active_set\tournament_shirt\01.png,01.png,636,1152,0.5521,1,12.23,12.23,13.6,0.52,1,face
images\brands\wilson\men\active_set\tournament_shirt\02.png,02.png,560,1156,0.4844,1,10.91,10.91,12.7,0.78,1,face
images\brands\wilson\men\active_set\tournament_shirt\03.png,03.png,664,1152,0.5764,1,10.93,10.93,14.0,0.87,1,face
images\brands\wilson\men\active_set\tournament_shirt\04.png,04.png,1152,1200,0.96,0,,0.0,,0.0,0,alpha
images\brands\wilson\men\active_set\tournament_shirt\05.png,05.png,1124,1168,0.9623,0,,0.77,,0.77,0,alpha
images\brands\wilson\men\active_set\tournament_shorts\01.png,01.png,453,1152,0.3932,1,4.69,4.69,8.0,0.52,0,face
images\brands\wilson\men\active_set\tournament_shorts\02.png,02.png,1041,1292,0.8057,0,,0.0,,0.0,0,alpha
images\brands\wilson\men\active_set\tournament_shorts\03.png,03.png,1009,1292,0.781,0,,0.0,,0.0,0,alpha
images\brands\wilson\men\active_set\tournament_shorts\04.png,04.png,777,1292,0.6014,0,,0.0,,0.0,0,alpha
images\brands\wilson\men\active_set\tournament_shorts\05.png,05.png,921,1292,0.7128,0,,0.0,,0.0,0,alpha
images\brands\wilson\unisex\01.png,01.png,652,839,0.7771,1,13.03,13.03,12.5,0.0,1,face
images\brands\wilson\unisex\02.png,02.png,617,838,0.7363,1,14.45,14.45,13.3,0.0,1,face
images\brands\wilson\unisex\03.png,03.png,618,839,0.7366,1,12.54,12.54,11.3,0.0,1,face
images\brands\wilson\unisex\04.png,04.png,617,839,0.7354,1,9.44,9.44,8.0,0.0,1,face
images\brands\wilson\unisex\05.png,05.png,615,838,0.7339,2,17.45,17.45,14.9,0.0,1,face
images\brands\wilson\unisex\rf_collection\pro_classic\01\a.png,a.png,482,1853,0.2601,0,,0.7,,0.7,0,alpha
images\brands\wilson\unisex\rf_collection\pro_classic\01\b.png,b.png,1869,1394,1.3407,0,,0.65,,0.65,0,alpha
images\brands\wilson\unisex\rf_collection\pro_classic\01\c.png,c.png,532,1344,0.3958,0,,0.82,,0.82,0,alpha
images\brands\wilson\unisex\rf_collection\pro_classic\01\d.png,d.png,922,2453,0.3759,0,,0.0,,0.0,0,alpha
images\logos\01.png,01.png,180,68,2.6471,0,,13.24,,13.24,1,alpha
images\logos\02.png,02.png,1704,552,3.087,0,,5.8,,5.8,1,alpha
"images\logos\ChatGPT Image Jun 14, 2025, 08_03_34 PM.png","ChatGPT Image Jun 14, 2025, 08_03_34 PM.png",1024,1024,1.0,1,27.08,27.08,35.0,,1,face
images\logos\self_portrait-ring_fadeout.png,self_portrait-ring_fadeout.png,640,640,1.0,1,33.85,33.85,35.0,8.28,1,face
images\logos\sports-warehouse-logo-sw-recommended_apple_size.png,sports-warehouse-logo-sw-recommended_apple_size.png,180,180,1.0,0,,0.0,,0.0,0,alpha
images\logos\sports-warehouse-logo-sw.png,sports-warehouse-logo-sw.png,256,256,1.0,0,,0.0,,0.0,0,alpha
images\logos\sports_warehouse_circle_sw_white_ring_highlight.png,sports_warehouse_circle_sw_white_ring_highlight.png,1000,1000,1.0,1,35.14,35.14,35.0,0.0,1,face
images\logos\sports_warehouse_circle_with_sw.png,sports_warehouse_circle_with_sw.png,1000,1000,1.0,0,,10.0,,10.0,1,alpha
images\plus_size\banners\curvy-woman-boxing-personal-trainer.jpeg,curvy-woman-boxing-personal-trainer.jpeg,2788,1471,1.8953,2,16.19,16.19,26.8,,1,face
images\plus_size\banners\gym.jpeg,gym.jpeg,7952,5270,1.5089,1,22.43,22.43,25.1,,1,face
images\plus_size\banners\women-body_positive-activewear-hugging-smiling.png,women-body_positive-activewear-hugging-smiling.png,3501,2793,1.2535,3,16.08,16.08,21.2,1.18,1,face
