brand,gender,itemName,itemName_fully_derived,model_id,product_domain,collection,model_family,subCategory,fabric,construction,seamless,scrunchFlag,invisibleFlag,neckline,strap_configuration,support_level,rise,length,variant,usage_category,usage_subtype,categoryName,subCategoryParent,ageGroup,sizeType,fitStyle,activityTags,price,salePrice,description,featured,images,thumbnails_json,external_item_id,campaign_or_series,altText,ariaText,videoAltText,videos,images2,CropAllowed,db_itemId,assignment_source,_images_helper_normalize
Adidas,Boys,Marvel Spider-Man: Tracksuit,Yes,adidas_boys_marvel spider-man_tracksuit_3-stripes,Apparel,Marvel Spider-Man,,Tracksuit,,,,,,,,,,,3-Stripes,,,Set,Set,Kids,Standard,Regular Fit,"casual,playtime,fanwear",79.99,64.99,"Swing into action with the ultimate superhero outfit from adidas x Marvel. This 5-piece set includes a bold Spider-Man t-shirt, matching trainers with flashing lights, and the full Spider-Man tracksuit. With slick Spidey graphics, smooth fabric, and matching top and pants, the tracksuit is perfect for play, sports, or showing off your superhero style all day long.",,images/brands/adidas/kids/boys/marvel-spider_man/tracksuit/,images/brands/adidas/kids/boys/marvel-spider_man/tracksuit/01.png;images/brands/adidas/kids/boys/marvel-spider_man/tracksuit/02.png;images/brands/adidas/kids/boys/marvel-spider_man/tracksuit/03.png;images/brands/adidas/kids/boys/marvel-spider_man/tracksuit/04.png,adidas-marvel-spiderman-tracksuit-3-stripes,adidas_marvel_spiderman,"A young boy and girl wearing matching Adidas x Marvel Spider-Man black tracksuits with bold red, white, and Spider-Man graphics. The outfits feature Adidas 3-Stripes down the sleeves and legs, Marvel logos, and a large Spider-Man graphic on the back of the jackets.","Adidas x Marvel Spider-Man tracksuit set modeled by a young boy and girl. Both wear matching black jackets and pants with Adidas 3-Stripes, red Marvel branding, and an eye-catching Spider-Man illustration on the back. The set blends sporty Tiro style with superhero attitude, designed for active kids who love bold looks.",,,,Yes,1,custom,
Adidas,Boys,Marvel Spider-Man: T-Shirt,Yes,adidas_boys_marvel spider-man_t_shirt,Apparel,Marvel Spider-Man,,T_Shirt,,,,,,,,,,,NULL,,,Set,,Kids,Standard,Regular Fit,"casual,playtime,fanwear",34.99,29.99,"The adidas x Marvel Spider-Man t-shirt is bursting with color and comic book heroes. With Spidey, Iron Man, Hulk, and more all in one action-packed design, it’s perfect for kids who want to wear their favorite heroes with pride—on the playground or anywhere adventure calls.",,images/brands/adidas/kids/boys/marvel-spider_man/t-shirt/,images/brands/adidas/kids/boys/marvel-spider_man/t-shirt/01.png;images/brands/adidas/kids/boys/marvel-spider_man/t-shirt/02.png,adidas-marvel-spiderman-t-shirt,adidas_marvel_spiderman,,,,,,Yes,2,custom,
Adidas,Boys,Marvel Spider-Man: Light-Up Trainers,Yes,adidas_boys_marvel spider-man_kid_shoes_spider-man_light-up,Footwear,Marvel Spider-Man,Spider-Man,Kid_Shoes,,,,,,,,,,,Light-Up,,,Set,,Kids,Standard,Regular Fit,"casual,playtime,fanwear",59.99,49.99,"Complete your superhero look with light-up Spider-Man trainers made for fun on the move. Featuring bold web graphics and bright flashing soles, these comfy kicks are built for playtime, running, and showing off your Spidey style with every step.",,images/brands/adidas/kids/boys/marvel-spider_man/trainers-light_up/,images/brands/adidas/kids/boys/marvel-spider_man/trainers-light_up/01.png,adidas-marvel-spiderman-light-up-trainers,adidas_marvel_spiderman,,,,,,No,3,custom,
Adidas,Boys,Marvel Spider-Man: Backpack,Yes,adidas_boys_marvel spider-man_backpack,Non-Wearables,Marvel Spider-Man,,Backpack,,,,,,,,,,,NULL,,,Set,,Kids,Standard,Regular Fit,"school,playtime,fanwear,collectible",46,23,"Complete your superhero set with this bold adidas x Marvel Spider-Man backpack. Featuring a swinging Spidey patch and oversized adidas logo, it’s the perfect carryall for school, sport, or daily missions. Sturdy straps, zip compartments, and superhero attitude—this backpack delivers both style and utility for kids ready to save the day.",,images/brands/adidas/kids/boys/marvel-spider_man/backpack/,images/brands/adidas/kids/boys/marvel-spider_man/backpack/01.png;images/brands/adidas/kids/boys/marvel-spider_man/backpack/02.png;images/brands/adidas/kids/boys/marvel-spider_man/backpack/03.png;images/brands/adidas/kids/boys/marvel-spider_man/backpack/04.png,adidas-marvel-spiderman-backpack,adidas_marvel_spiderman,Adidas Marvel Spider-Man kids backpack in black with a red swinging Spidey patch and white adidas logo on the front pocket.,Marvel Spider-Man backpack for kids featuring a bold swinging Spidey patch and oversized adidas logo on a black zippered backpack.,,,,No,4,custom,
Adidas,Male,Campus 00s,Yes,adidas_male_originals_sneakers_campus,Footwear,Originals,Campus,Sneakers,,,,,,,,,,,NULL,,,Shoes,Shoes,Adults,Standard,Regular Fit,"casual,lifestyle,streetwear,skateboarding",170,64,"Add a skate-inspired shoe to your rotation with these Campus 00s from adidas Originals. In a Dark Grey suede upper with White 3-Stripes, they blend oversized ’80s OG styling with modern comfort: chunky laces, padded collar, cushioning midsole and a grippy gum rubber outsole.",,images/brands/adidas/men/campus_sneakers/,images/brands/adidas/men/campus_sneakers/01.png;images/brands/adidas/men/campus_sneakers/02.png;images/brands/adidas/men/campus_sneakers/03.png;images/brands/adidas/men/campus_sneakers/04.png;images/brands/adidas/men/campus_sneakers/05.png;images/brands/adidas/men/campus_sneakers/06.png,adidas-originals-campus-00s,adidas_originals,"Six images of the adidas Originals Campus 00s in Dark Grey: side profile, three-quarter front, rear heel tab, suede/stripe detail, top-down lace view, and outsole angle.","Six images of the adidas Originals Campus 00s in Dark Grey: side profile, three-quarter front, rear heel tab, suede/stripe detail, top-down lace view, and outsole angle.",,,,No,5,custom,
Adidas,Male,Poly Linear Full-Zip Hoodie and Pants,No,adidas_male_tracksuit_poly linear,Apparel,NULL,,Tracksuit,,,,,,,,,,,Poly Linear,,,Set,Set,Adults,Standard,Regular Fit,"athleisure,training",70,59.5,"Step up your street style in this Adidas Poly Linear Tracksuit, combining a sleek full-zip hoodie with tapered pants for all-day comfort and movement. The shiny poly knit fabric offers a smooth, athletic finish, while bold linear adidas branding down the leg and sleeve makes a clean, confident statement whether you're warming up, working out, or chilling out.",,images/brands/adidas/men/poly_linear_full_zip_hoodie_and_pants/,images/brands/adidas/men/poly_linear_full_zip_hoodie_and_pants/01.png;images/brands/adidas/men/poly_linear_full_zip_hoodie_and_pants/02.png;images/brands/adidas/men/poly_linear_full_zip_hoodie_and_pants/03.png;images/brands/adidas/men/poly_linear_full_zip_hoodie_and_pants/04.png;images/brands/adidas/men/poly_linear_full_zip_hoodie_and_pants/05.png;images/brands/adidas/men/poly_linear_full_zip_hoodie_and_pants/06.png;images/brands/adidas/men/poly_linear_full_zip_hoodie_and_pants/07.png;images/brands/adidas/men/poly_linear_full_zip_hoodie_and_pants/08.png;images/brands/adidas/men/poly_linear_full_zip_hoodie_and_pants/09.png,adidas-poly-linear-full-zip-hoodie-pants,core,"Man wearing full Adidas Poly Linear tracksuit in blue, seated casually with hoodie and joggers featuring oversized logo.","Model in blue Adidas tracksuit with full-zip hoodie and joggers, showing bold branding on sleeves and legs, sitting in relaxed pose.",,,,Yes,6,custom,
Adidas,Male,Poly Linear Full-Zip Hoodie,No,adidas_male_hoodie_poly linear,Apparel,NULL,,Hoodie,,,,,,,,,,,Poly Linear,,,Tops,Tops,,,,,,,,,,,,,,,,,,,61,,
Adidas,Male,Poly Linear Track Pants,Yes,adidas_male_track_pants_poly linear,Apparel,NULL,,Track_Pants,,,,,,,,,,,Poly Linear,,,Pants,Pants,,,,,,,,,,,,,,,,,,,62,,
Adidas,Male,Running Tee,Yes,adidas_male_t_shirt_3-stripes,Apparel,NULL,,T_Shirt,,,,,,,,,,,3-Stripes,,,Tops,Tops,Adults,Standard,Regular Fit,"running,training",34.99,27.99,"Stay cool, dry, and in motion with the Adidas 3-Stripes Running Tee. Lightweight and breathable with signature stripes down the shoulders, this performance tee is made for speed. Sweat-wicking AEROREADY fabric helps keep you focused from start to finish.",,images/brands/adidas/men/3-stripes/running_tee/,images/brands/adidas/men/3-stripes/running_tee/01.png,adidas-running-tee-3-stripes,adidas_3_stripes,Man running in white Adidas 3-Stripes Running Tee with black shoulder stripes and light grey shorts.,"Male athlete in motion wearing Adidas 3-Stripes white running tee, emphasizing lightweight fit and moisture-wicking design.",,,,Yes,7,custom,
Adidas,Female,Flared Leggings,Yes,adidas_female_leggings_3-stripes,Apparel,NULL,,Leggings,,,,,,,,,,,3-Stripes,,,Pants,Pants,Adults,Standard,Slim Fit,"yoga,studio,athleisure",69.99,55.99,"Throwback meets street chic in these Adidas 3-Stripes flared leggings. The sleek silhouette hugs your shape while the retro-inspired flare adds instant attitude. Made for movement but styled for the spotlight, they deliver that iconic original look and energy from every angle.",,images/brands/adidas/women/3-stripes/flared_leggings/,images/brands/adidas/women/3-stripes/flared_leggings/01.png;images/brands/adidas/women/3-stripes/flared_leggings/02.png,adidas-flared-leggings-3-stripes,adidas_3_stripes,"Woman posing in black Adidas flared leggings with white 3-Stripes down the sides, paired with matching crop top.","Model styled in retro-inspired Adidas flared leggings and bandeau crop top, showcasing sporty yet fashion-forward silhouette.",,,,Yes,8,course,
Adidas,Female,Tube Top,Yes,adidas_female_bralette_3-stripes,Apparel,NULL,,Bralette,,,,,,,,,,,3-Stripes,,,Tops,Tops,Adults,Standard,Compression,"athleisure,studio",55,45,"Model wears a cropped black Adidas tube top with the 3-Stripes detail down the side, styled with matching shorts, knee-high socks, and sneakers. The top is tight-fitting and strapless.",,images/brands/adidas/women/3-stripes/tube_top/,images/brands/adidas/women/3-stripes/tube_top/01.png;images/brands/adidas/women/3-stripes/tube_top/02.png;images/brands/adidas/women/3-stripes/tube_top/03.png;images/brands/adidas/women/3-stripes/tube_top/04.png,adidas-tube-top-3-stripes,adidas_3_stripes,"Front and full-body views of a woman wearing a black Adidas 3-Stripes tube top and booty shorts, styled with a black jacket and knee-high Adidas socks.","Model wears a cropped black Adidas tube top with the 3-Stripes detail down the side, styled with matching shorts, knee-high socks, and sneakers. The top is tight-fitting and strapless.",,,,Yes,9,custom,
Adidas,Female,Booty Shorts,Yes,adidas_female_shorts_3-stripes,Apparel,NULL,,Shorts,,,,,,,,,,,3-Stripes,,,Pants,Pants,Adults,Standard,Compression,"athleisure,studio",60,48,"These high-rise booty shorts from Adidas hug every curve with a shiny, stretch-satin feel and 3-Stripes styling that shouts confidence. Built for movement but made to turn heads, they’re the statement piece your summer rotation didn’t know it needed.",,images/brands/adidas/women/3-stripes/booty_shorts/,images/brands/adidas/women/3-stripes/booty_shorts/01.png;images/brands/adidas/women/3-stripes/booty_shorts/02.png;images/brands/adidas/women/3-stripes/booty_shorts/03.png;images/brands/adidas/women/3-stripes/booty_shorts/04.png;images/brands/adidas/women/3-stripes/booty_shorts/05.png,adidas-booty-shorts-3-stripes,adidas_3_stripes,Close-up and full-body views of a woman wearing black Adidas 3-Stripes booty shorts with a high waist and fitted finish.,"High-waisted black Adidas shorts with signature 3-Stripes and a stretch-satin finish, seen from front and back. Tight-fitting and styled for movement and attitude.",,,,Yes,10,custom,
Adidas,Female,Hyperglam Long Sleeve Crop Top and Leggings,No,adidas_female_hyperglam_set_3-stripes,Apparel,Hyperglam,,Set,,,,,,,,,,,3-Stripes,,,Set,Set,Adults,Standard,Compression,"athleisure,studio",90,76.5,"Strike a balance between fierce and feminine in the Adidas Hyperglam set. The long sleeve crop top and high-rise leggings move with you—from studio to street—thanks to sleek performance fabric, sculpting seams, and a bold Hyperglam hue. Signature 3-Stripes details flash along the arms and hips, giving this look an edge that’s equal parts athletic and stylish.",,images/brands/adidas/women/3-stripes/hyperglam_long_sleeve_crop_top_and_full-length_leggings/,images/brands/adidas/women/3-stripes/hyperglam_long_sleeve_crop_top_and_full-length_leggings/01.png;images/brands/adidas/women/3-stripes/hyperglam_long_sleeve_crop_top_and_full-length_leggings/02.png;images/brands/adidas/women/3-stripes/hyperglam_long_sleeve_crop_top_and_full-length_leggings/03.png;images/brands/adidas/women/3-stripes/hyperglam_long_sleeve_crop_top_and_full-length_leggings/04.png;images/brands/adidas/women/3-stripes/hyperglam_long_sleeve_crop_top_and_full-length_leggings/05.png,adidas-hyperglam-crop-top-leggings-set,adidas_hyperglam,Woman wearing mauve Adidas Hyperglam crop top and matching full-length leggings with white 3-Stripes.,"Model striking athletic poses in mauve Adidas Hyperglam crop top and leggings, designed for performance and style.",,,,Yes,11,custom,
Adidas,Female,Hyperglam Long Sleeve Crop Top,Yes,adidas_female_hyperglam_crop_top_3-stripes,Apparel,Hyperglam,,Crop_Top,,,,,,,,,,,3-Stripes,,,Tops,Tops,,,,,,,,,,,,,,,,,,,60,,
Adidas,Female,Hyperglam Leggings,Yes,adidas_female_hyperglam_leggings_3-stripes,Apparel,Hyperglam,,Leggings,,,,,,,,,,,3-Stripes,,,Pants,Pants,,,,,,,,,,,,,,,,,,,59,,
Adidas,Female,Powerreact Training Medium Support Sports Bra,No,adidas_female_powerreact_sports_bra_3-stripes,Apparel,Powerreact,,Sports_Bra,,,,,,,,,,,3-Stripes,Training,,Tops,Tops,Adults,Standard,Compression,"training,gym",55,46.75,Own your strength in this iconic black-on-black Adidas training set. The Powerreact sports bra delivers medium support with a racerback cut and mesh back panel for breathability…,,images/brands/adidas/women/3-stripes/powerreact_training-medium_support-sports_bra/,images/brands/adidas/women/3-stripes/powerreact_training-medium_support-sports_bra/01.png;images/brands/adidas/women/3-stripes/powerreact_training-medium_support-sports_bra/02.png;images/brands/adidas/women/3-stripes/powerreact_training-medium_support-sports_bra/03.png;images/brands/adidas/women/3-stripes/powerreact_training-medium_support-sports_bra/04.png,adidas-powerreact-training-sports-bra,adidas_powerreact,Woman wearing the Adidas Powerreact black training bra with 3-Stripes detailing and a racerback cut.,"Adidas Powerreact medium support black sports bra, featuring white 3-Stripes on the sides and breathable mesh panel on the back.",,,,Yes,12,custom,
Adidas,Female,Powerreact Training Leggings,Yes,adidas_female_powerreact_leggings_3-stripes,Apparel,Powerreact,,Leggings,,,,,,,,,,,3-Stripes,Training,,Pants,Pants,Adults,Standard,Compression,"training,gym",80,68,"...while the matching 3-Stripes tights hug your body with a high-rise waist and full-length coverage. Whether you're at the gym or in the zone at home, the classic 3-Stripes branding gives you timeless athletic style with performance to match. Wear them together and feel powerful, streamlined, and ready to move.",,images/brands/adidas/women/3-stripes/tights/,images/brands/adidas/women/3-stripes/tights/01.png;images/brands/adidas/women/3-stripes/tights/02.png,adidas-powerreact-training-tights,adidas_powerreact,Woman wearing black Adidas tights with high-rise waist and classic white 3-Stripes down the sides.,"Full-length black Adidas tights with a sleek fit and 3-Stripes side branding, paired with a matching training bra.",,,,Yes,13,custom,
Adidas,Unisex,UEFA Euro16 Top Glider Ball,Yes,adidas_unisex_uefa euro 16_ball_top glider,Non-Wearables,UEFA Euro 16,,Ball,,,,,,,,,,,Top Glider,,,Equipment,Equipment,All Ages,Standard,,soccer,45,39,"Celebrate the legacy of European football with the UEFA Euro16 Top Glider Ball. Designed for training and recreational play, this ball mirrors the iconic panel design of the official Euro 2016 match ball. The machine-stitched construction ensures durability and a soft touch, while the butyl bladder maintains consistent shape and air retention—game after game. Whether you're practicing free kicks or organizing a kickabout with friends, this ball brings a piece of tournament history to your foot.",,images/brands/adidas/UEFA_Euro16/Top_Glider_Ball/,images/brands/adidas/UEFA_Euro16/Top_Glider_Ball/01.png,adidas-uefa-euro16-top-glider-ball,adidas_uefa_euro16,UEFA Euro16 Top Glider Ball featuring the official Euro 2016 design with blue and red graphic panels on a white surface.,"UEFA Euro16 Top Glider Ball in white with Euro 2016 graphic styling, designed for training and recreational football play.",,,,No,14,custom,
Asics,Unisex,Gel Lethal Tigreor 8 IT,Yes,asics_unisex_soccer_boots,,,,Soccer_Boots,,,,,,,,,,,,,,Shoes,Shoes,Adults,Standard,Regular Fit,"rugby,soccer",159.99,129.99,"Take control of the pitch with the ASICS Gel Lethal Tigreor 8 IT. Engineered for speed and precision, this elite-level football boot is built with lightweight synthetic leather for a snug fit and reduced weight. The integrated HG10mm heel gradient shifts your body forward for faster propulsion, while the rearfoot GEL™ cushioning absorbs impact and protects your joints. Whether you're slicing through defenders or sprinting down the wing, the Tigreor 8 IT gives you the edge to play at your sharpest.",,images/brands/asics/men/soccer_boots/gel_lethal_tigreor_8_IT/,images/brands/asics/men/soccer_boots/gel_lethal_tigreor_8_IT/01.png,asics-gel-lethal-tigreor-8-it,core,ASICS Gel Lethal Tigreor 8 IT football boots in black and gold with a streamlined design and studded sole for firm-ground traction.,"ASICS Gel Lethal Tigreor 8 IT football boots in black with gold accents, featuring GEL cushioning and lightweight construction for speed and impact protection on the field.",,,,No,15,course,
Asics,Unisex,Gel Kayano 26,Yes,asics_unisex_running_shoes,,,,Running_Shoes,,,,,,,,,,,,,,Shoes,Shoes,Adults,Standard,Regular Fit,running,179.99,152.99,"Run longer and land softer with the ASICS Gel Kayano 26. This stability shoe blends plush comfort with advanced support so you can push through every mile. The signature GEL™ technology in the forefoot and rearfoot cushions each stride, while the DuoMax™ support system helps guide your foot with every transition. With a breathable mesh upper and dynamic fit, the Kayano 26 gives you the confidence to keep going—whether it’s your first 5K or your next marathon.",,images/brands/asics/men/running_shoes/kayano_26/,images/brands/asics/men/running_shoes/kayano_26/01.png,asics-gel-kayano-26,asics_kayano,ASICS Gel Kayano 26 running shoes in white and blue with visible GEL cushioning and a breathable mesh upper.,"ASICS Gel Kayano 26 stability running shoes, featuring GEL technology, DuoMax support, and a breathable upper for overpronators seeking cushioned long-distance comfort.",,,,No,16,course,
ASOS,Female,4505 Curve Zip-Front Sports Bra (High Support),Yes,asos_female_sports_bra,,,,Sports_Bra,,,,,,,,,,,,,,Tops,Tops,Adults,Plus Size,Regular Fit,"gym,training",39.99,29.99,"This zip-front sports bra from the 4505 Curve line offers high support for plus-size workouts, with wide adjustable cross-back straps, inner hook fastening, and a secure underband. The sleek, functional design is ideal for movement and all-day comfort.",,images/brands/asos/women/4504-curve/sports_bra/high_support/zip-front-adjustable-straps/,images/brands/asos/women/4504-curve/sports_bra/high_support/zip-front-adjustable-straps/01.png;images/brands/asos/women/4504-curve/sports_bra/high_support/zip-front-adjustable-straps/02.png;images/brands/asos/women/4504-curve/sports_bra/high_support/zip-front-adjustable-straps/03.png;images/brands/asos/women/4504-curve/sports_bra/high_support/zip-front-adjustable-straps/04.png,asos-4505-curve-zip-front-sports-bra-high-support,asos_4505_curve,Plus-size woman modeling a black high-support zip-front sports bra with matching leggings; shows front and back views with cross-back straps and hook closure.,"Image of a plus-size model wearing a black zip-front sports bra from the 4505 Curve line. The bra features wide adjustable cross-back straps, front zipper with inner hooks, and a thick supportive underband—designed for high-impact workouts and plus-size comfort.",,,,Yes,17,course,
AYBL,Female,Adapt Seamless Shorts,Yes,aybl_female_shorts,,,,Shorts,,,,,,,,,,,,,,Pants,Pants,Adults,Standard,Compression,"gym,studio",60,51,"This vibrant matching set from AYBL’s Adapt Seamless collection is made to sculpt, support, and turn heads. The figure-contouring shorts hug your curves with precision thanks to their body-mapped compression zones, high-rise waistband, and sculpt-knit shaping around the glutes and thighs. The lightweight seamless fabric moves effortlessly with your body, offering a second-skin feel.",,images/brands/aybl/women/adapt_seamless/shorts/,images/brands/aybl/women/adapt_seamless/shorts/01.png;images/brands/aybl/women/adapt_seamless/shorts/02.png;images/brands/aybl/women/adapt_seamless/shorts/03.png;images/brands/aybl/women/adapt_seamless/shorts/04.png;images/brands/aybl/women/adapt_seamless/shorts/05.png;images/brands/aybl/women/adapt_seamless/shorts/06.png,aybl-adapt-seamless-shorts,aybl_adapt_seamless,"Close-up views of AYBL Adapt Seamless Shorts in orange, showing sculpted compression zones and contour-knit detailing across the glutes and thighs.","AYBL Adapt Seamless Shorts in orange. Designed with high-rise ribbing and body-hugging sculpt zones that contour the glutes and thighs for a flattering, supportive fit.",,,,Yes,18,custom,
AYBL,Female,Adapt Seamless Sports Bra,Yes,aybl_female_sports_bra,,,,Sports_Bra,,,,,,,,,,,,,,Tops,Tops,Adults,Standard,Regular Fit,"gym,studio",55,46.75,"Paired with the cross-strap sports bra featuring adjustable straps and a wide underband, this duo is perfect for gym sessions or summer streetwear alike.",,images/brands/aybl/women/adapt_seamless/sports_bra/,images/brands/aybl/women/adapt_seamless/sports_bra/01.png;images/brands/aybl/women/adapt_seamless/sports_bra/02.png;images/brands/aybl/women/adapt_seamless/sports_bra/03.png;images/brands/aybl/women/adapt_seamless/sports_bra/04.png;images/brands/aybl/women/adapt_seamless/sports_bra/05.png;images/brands/aybl/women/adapt_seamless/sports_bra/06.png,aybl-adapt-seamless-sports-bra,aybl_adapt_seamless,"AYBL Adapt Seamless Sports Bra in orange with a scoop neckline and cross-back adjustable straps, worn as part of a coordinated activewear set.","AYBL Adapt Seamless Sports Bra in bright orange. Features a scoop front, cross-back adjustable straps, and ribbed underband for light support and flexibility during movement.",,,,Yes,19,custom,
Designer,Female,Kate Galliano: Bubblegum Pink Bodysuit,Yes,designer_female_kate_galliano_bodysuit_bubblegum_pink,,,Kate_Galliano,Bodysuit,,,,,,,,,,,Bubblegum_Pink,,,Set,Set,Adults,Standard,Compression,"studio,lifestyle",129,109,"This cheeky Kate Galliano bodysuit in bubblegum pink wraps you in silky stretch fabric that sculpts and smooths in all the right places. A front zip adds function and flair, while the deep racerback and contour stitching dial up the flirty vibes with a wink. Whether you're striking a pose or just reaching for your lollipop, this suit doesn’t play—it slays.",,images/brands/designer/kate_galliano/women/bodysuit/bubblegum/,images/brands/designer/kate_galliano/women/bodysuit/bubblegum/01.png;images/brands/designer/kate_galliano/women/bodysuit/bubblegum/02.png,designer-kate-galliano-bubblegum-pink-bodysuit,core,"Model in a pink sleeveless bodysuit with front zipper and racerback, styled with long hair and lollipop.","Kate Galliano bodysuit in bubblegum pink with front zip and deep racerback, modeled in playful style.",,,,Yes,20,custom,
Designer,Female,Lisa Trujillo: Kids Activewear Set,Yes,designer_female_set,,,,Set,,,,,,,,,,,,,,Set,Set,Kids,Standard,Compression,"kids,training",59.99,49.99,"Bursting with personality and designed for movement, Lisa Trujillo’s Kids Activewear Sets bring maximum fun to mini athletes. From zebra stripes to candy-pink camo, each pair of leggings is paired with a matching crop top or branded tank to keep the energy high and the style even higher. These sets don’t just look unstoppable—they are unstoppable. Made for play, dance, and nonstop action.",,images/brands/designer/lisa_trujillo/kids/activewear/,images/brands/designer/lisa_trujillo/kids/activewear/01.jpg,designer-lisa-trujillo-kids-activewear-set,core,"Group of six girls wearing colorful Lisa Trujillo activewear sets with patterned leggings and crop tops, smiling against an orange background.","Group of girls modeling Lisa Trujillo Kids Activewear Sets in bold prints and bright colors, standing together in front of orange backdrop.",,,,Yes,21,custom,
Nike,Female,Air: Futura Pink Tee,Yes,nike_female_t_shirt,,,,T_Shirt,,,,,,,,,,,,,,Tops,Tops,Teens,Standard,Regular Fit,"casual,training",29.99,24.99,"With a bold pink, big swoosh, this tee has a sporty attitude and total Nike girl vibes.",,images/brands/nike/kids/girls/air/futura/pink_and_white/,images/brands/nike/kids/girls/air/futura/pink_and_white/01.png,nike-air-futura-pink-tee,nike_air,Girl in bold pink Nike Air tee with oversized white swoosh and sporty vibe.,"Nike Air Futura Pink Tee. Bold pink with large white swoosh, a sporty attitude and total Nike girl vibes.",,,,Yes,22,custom,
Nike,Female,Swoosh: Sports Bra (Medium Support),Yes,nike_female_sports_bra,,,,Sports_Bra,,,,,,,,,,,,,,Tops,Tops,Teens,Standard,Compression,"training,gym",44.99,38.24,"This sleek black sports bra delivers medium support with a zip front and racerback design—so you can stay locked in and focused, no distractions.",,images/brands/nike/women/swoosh/sports_bra/medium-support-padded/,images/brands/nike/women/swoosh/sports_bra/medium-support-padded/01.png;images/brands/nike/women/swoosh/sports_bra/medium-support-padded/02.png;images/brands/nike/women/swoosh/sports_bra/medium-support-padded/03.png;images/brands/nike/women/swoosh/sports_bra/medium-support-padded/04.png;images/brands/nike/women/swoosh/sports_bra/medium-support-padded/05.png,nike-swoosh-sports-bra-medium-support,nike_swoosh,"Model wearing black Nike sports bra with front zip and racerback design, shown in dynamic workout poses.",Nike Swoosh Sports Bra in black. Medium support with zip front and racerback. Shown on model in athletic poses.,,,,Yes,23,course,
Nike,Female,Training: Full-Zip Top Tracksuit,Yes,nike_female_tracksuit,,,,Tracksuit,,,,,,,,,,,,,,Set,Set,Adults,Standard,Compression,"training,athleisure",130,110.5,Smooth. Sleek. Confident. This full-zip Nike tracksuit brings high-performance energy and curve-loving stretch with a cropped fit that means business—whether you're hitting reps or hitting record.,,images/brands/nike/women/training/full-zip_tracksuit/,images/brands/nike/women/training/full-zip_tracksuit/01.png;images/brands/nike/women/training/full-zip_tracksuit/02.png;images/brands/nike/women/training/full-zip_tracksuit/03.png;images/brands/nike/women/training/full-zip_tracksuit/04.png;images/brands/nike/women/training/full-zip_tracksuit/05.png;images/brands/nike/women/training/full-zip_tracksuit/06.png,nike-training-full-zip-tracksuit,nike_training,"Nike women’s charcoal grey full-zip tracksuit set with cropped jacket and stretch leggings, styled with black sports bra and headphones.","Nike women’s full-zip training tracksuit in dark grey with a cropped jacket, zip front, and high-waisted stretch leggings—styled with a black Nike sports bra.",,,,Yes,24,custom,
Nike,Female,Training: Pro Mesh 3 Inch Shorts,Yes,nike_female_shorts,,,,Shorts,,,,,,,,,,,,,,Pants,Pants,Adults,Standard,Compression,"training,track",60,51,"With a bold mesh contour and high-rise cut, these 3-inch Nike Pro shorts bring fierce attitude to your next training session. The neon waistband lights up against the sleek black body, while the snug fit and stretch fabric move with you through every rep and sprint.",,images/brands/nike/women/training/pro_mesh-3inch_shorts/,images/brands/nike/women/training/pro_mesh-3inch_shorts/01.png;images/brands/nike/women/training/pro_mesh-3inch_shorts/02.png;images/brands/nike/women/training/pro_mesh-3inch_shorts/03.png;images/brands/nike/women/training/pro_mesh-3inch_shorts/04.png;images/brands/nike/women/training/pro_mesh-3inch_shorts/05.png,nike-training-pro-mesh-3-inch-shorts,nike_training,Close-up of black Nike Pro 3-inch mesh training shorts with neon green waistband and side mesh panels.,"Black Nike Pro 3-inch mesh training shorts with neon green branding and breathable mesh side panels, designed for dynamic movement and comfort.",,,,Yes,25,custom,
Nike,Female,Running: Swift UV 12-Inch Zip Top,Yes,nike_female_long_sleeve,,,,Long_Sleeve,,,,,,,,,,,,,,Tops,Tops,Adults,Standard,Regular Fit,"running,outdoor",75,63.75,"Glow mode: activated. This lightweight long-sleeve zip top keeps you cool, covered, and confident, with thumbholes for extra grip and a neon punch that’s hard to miss. Built for sunny runs and high vibes, it’s made with UV protection and stretch that moves as fast as you do.",,images/brands/nike/women/running/swift_uv-12_zip_top/,images/brands/nike/women/running/swift_uv-12_zip_top/01.png;images/brands/nike/women/running/swift_uv-12_zip_top/02.png;images/brands/nike/women/running/swift_uv-12_zip_top/03.png;images/brands/nike/women/running/swift_uv-12_zip_top/04.png;images/brands/nike/women/running/swift_uv-12_zip_top/05.png;images/brands/nike/women/running/swift_uv-12_zip_top/06.png;images/brands/nike/women/running/swift_uv-12_zip_top/07.png,nike-running-swift-uv-12-inch-zip-top,nike_running,Model wearing a neon yellow Nike long-sleeve zip running top with thumbholes and subtle swoosh logo.,"Nike Swift UV zip top in neon yellow with a quarter-zip front, thumbholes, and UV protection, designed for comfort and visibility on sunny runs.",,,,Yes,26,custom,
Nike,Female,Zenvy: Flared Leggings,Yes,nike_female_leggings_flared,,,,Leggings,,Flared,,,,,,,,,,,,Pants,Pants,Adults,Standard,Loose Fit,"yoga,studio",69.99,54.99,"Sleek, sculpting, and softly flared—these leggings are made out of smooth InfinaSoft fabric and have a wide waistband that hugs you just right. Along with a hidden back pocket for your phone, they’re all about minimalist comfort with just enough edge. Wear them to yoga or brunch—they’ll move with you either way.",,images/brands/nike/women/zenvy/leggings-high-waisted-flared/green/,images/brands/nike/women/zenvy/leggings-high-waisted-flared/green/01.mp4;images/brands/nike/women/zenvy/leggings-high-waisted-flared/green/02.png;images/brands/nike/women/zenvy/leggings-high-waisted-flared/green/03.png;images/brands/nike/women/zenvy/leggings-high-waisted-flared/green/04.png;images/brands/nike/women/zenvy/leggings-high-waisted-flared/green/05.png,nike-zenvy-flared-leggings,nike_zenvy,Model wearing flared teal Nike leggings with wide waistband and back phone pocket,"Nike Zenvy flared leggings in teal with sculpting InfinaSoft fabric, wide waistband, and hidden back pocket for your phone.",,,,Yes,27,custom,
Nike,Female,Zenvy: High-Waisted Leggings,Yes,nike_female_leggings,,,,Leggings,,,,,,,,,,,,,,Pants,Pants,Adults,Standard,Compression,"yoga,studio",64.99,55.24,"Move like you mean it in the Zenvy High-Waisted Leggings, built to flex with your flow—whether you're leaping into your day or stretching it out at the studio. Made with ultra-smooth InfinaSoft fabric, they feel light, barely-there, and designed to hug your shape with just the right amount of support. The wide waistband stays in place without digging in, and the sleek lavender hue brings a calm, confident vibe to every move.",,images/brands/nike/women/zenvy/leggings-high_waisted-full_length/purple/,images/brands/nike/women/zenvy/leggings-high_waisted-full_length/purple/01.png;images/brands/nike/women/zenvy/leggings-high_waisted-full_length/purple/02.png,nike-zenvy-high-waisted-leggings,nike_zenvy,"Model wearing lavender high-waisted Nike Zenvy leggings and matching sports bra, holding a puffy white gym bag.",Nike Zenvy High-Waisted Leggings in lavender. Model shown wearing leggings with matching sports bra and puffy gym bag. Designed for lightweight support and movement-friendly comfort.,,,,Yes,28,custom,
Nike,Unisex,600ml Water Bottle,Yes,nike_unisex_water_bottle,,,,Water_Bottle,,,,,,,,,,,,,,Equipment,Equipment,All Ages,Standard,Regular Fit,all-purpose,17.5,14,"Stay hydrated on the move with this easy-squeeze Nike 600ml Water Bottle. Designed with ergonomic grip zones and a leak-resistant valve, it’s perfect for workouts, training, or everyday use.",,images/brands/nike/accessories/waterbottles/600ml/,images/brands/nike/accessories/waterbottles/600ml/01.png,nike-600ml-water-bottle,core,Pink and black Nike 600ml water bottle with ergonomic grip and squeeze spout.,Nike 600ml water bottle in pink and black with textured grip panels and a built-in spout for quick hydration during training.,,,,No,29,custom,
Pangaia,Female,MotionFlex Seamless Sports Bra,Yes,pangaia_female_motionflex_sports_bra_seamless,Apparel,MotionFlex,,Sports_Bra,,,,,,,,,,,Seamless,,,Tops,Tops,Teens,Standard,Compression,"gym,studio",54.99,46.74,"Smooth, sculpted, and ready for movement—this seamless sports bra supports you without limits. The double-layer knit offers a compressive feel, while the wide straps and racerback cut give you full range of motion. Made with a sleek, high-stretch yarn, it hugs close without digging in. Wear it on its own or under layers—either way, it’s your go-to for every kind of training session.",,images/brands/pangaia/women/stretch-compressive-sports_bra-volcanic_grey/,images/brands/pangaia/women/stretch-compressive-sports_bra-volcanic_grey/01.png;images/brands/pangaia/women/stretch-compressive-sports_bra-volcanic_grey/02.png;images/brands/pangaia/women/stretch-compressive-sports_bra-volcanic_grey/03.png;images/brands/pangaia/women/stretch-compressive-sports_bra-volcanic_grey/04.png,pangaia-motionflex-seamless-sports-bra,pangaia_motionflex,"Model wearing the MotionFlex Seamless Sports Bra in Volcanic Grey, shown from front, side, and back to highlight compressive fit and racerback design.","MotionFlex Seamless Sports Bra in Volcanic Grey. Smooth, high-stretch knit with a compressive fit and racerback cut for unrestricted movement.",,,,Yes,30,course,
Pro-Tec,Unisex,Classic Skate Helmet,Yes,pro-tec_unisex_helmet,,,,Helmet,,,,,,,,,,,,,,Equipment,Equipment,All Ages,Standard,Regular Fit,"skateboarding,protective",79.99,64.99,"A timeless classic in skate protection, the Pro-Tec Classic Skate Helmet delivers trusted safety with iconic style. Featuring a durable high-impact shell, EPS foam liner, and a secure fit system, it’s built to protect skaters during everyday sessions at the park or on the street. Ventilation ports improve airflow while maintaining a low-profile silhouette that has made Pro-Tec a staple in skate culture for decades.",,images/brands/protec/skate_helmet/,images/brands/protec/skate_helmet/01.png,protec_classic_skate_helmet,protec_helmets,"Black Pro-Tec Classic Skate Helmet shown from front, side, and rear angles, featuring the rounded shell design and vent holes.","Pro-Tec Classic Skate Helmet with hard shell construction and vented design, shown in multiple angles for skateboarding protection.",,,,No,31,custom,
Puma,Unisex,RS-X³ Spectra,Yes,puma_unisex_trainers,,,,Trainers,,,,,,,,,,,,,,Shoes,Shoes,Adults,Standard,Regular Fit,"lifestyle,gym",149.99,129.99,"Bold, unapologetic, and ready to move—this remix of the classic RS series levels up the style and the cushioning. The RS-X³ Spectra layers color, texture, and dimension into a chunky retro silhouette that’s built to turn heads and keep you grounded. With vibrant colorblocking and extra foam in the sole, it’s the perfect shoe for training days, streetwear statements, or wherever your day takes you.",,images/brands/puma/men/training_shoes/rs-x³_spectra/,images/brands/puma/men/training_shoes/rs-x³_spectra/01.png;images/brands/puma/men/training_shoes/rs-x³_spectra/02.png,puma-rsx-spectra,puma_rsx,"Side view of the Puma RS-X³ Spectra sneaker, featuring a multi-color design with red, yellow, blue, black, white, and gray panels on a thick white sole.","Puma RS-X³ Spectra training shoe with multicolor paneling and chunky white sole. Retro-inspired design with red, yellow, blue, and black details.",,,,No,32,course,
Reebok,Unisex,Nano X3,Yes,reebok_unisex_trainers,,,,Trainers,,,,,,,,,,,,,,Shoes,Shoes,Adults,Standard,Regular Fit,"crossfit,training",159.95,135.96,"Engineered for everything from lifting sessions to agility drills, the Reebok Nano X3 delivers versatility without compromise. Its durable Flexweave® knit upper is breathable yet supportive, while the Lift and Run Chassis system adapts to your movement—firm for stability under load, cushioned for comfort on the move. Floatride Energy Foam in the forefoot gives responsive comfort whether you're sprinting or grinding through your last set. Built tough but made to move, the Nano X3 brings high-performance tech to every part of your workout",,images/brands/reebok/men/training_shoes/nano_X3/black_court_brown/;images/brands/reebok/men/training_shoes/nano_X3/core_black-neon_cherry/;images/brands/reebok/men/training_shoes/nano_X3/pure_white/,images/brands/reebok/men/training_shoes/nano_X3/black_court_brown/01.png;images/brands/reebok/men/training_shoes/nano_X3/core_black-neon_cherry/02.png;images/brands/reebok/men/training_shoes/nano_X3/pure_white/03.png,reebok-nano-x3,reebok_nano,"Side view of the Reebok Nano X3 training shoe, featuring a low-cut design with a breathable Flexweave upper, external heel clip for stability, and a cushioned outsole with Floatride Energy Foam for performance training. Shown in black/court brown, core black/neon cherry, and pure white colorways.","Reebok Nano X3 training shoe, designed for both lifting and cardio with a breathable Flexweave upper, adaptive Lift and Run Chassis, and Floatride Energy Foam cushioning. Available in black with court brown, black with neon cherry, and pure white colorways.",,,,No,33,custom,
Ryderwear,Female,NKD Scrunch V High-Waisted Leggings,Yes,ryderwear_female_nkd_leggings_v_high_waisted_scrunch,Apparel,NKD,NULL,Leggings,,V,,Yes,,,,,High_Waisted,,,,,Pants,Pants,,,,,,,,,,,,,,,,,,,92,,
Ryderwear,Female,NKD Scrunch V Leggings,Yes,ryderwear_female_nkd_leggings_v_full_length_scrunch,Apparel,NKD,NULL,Leggings,,V,,Yes,,,,,,Full_Length,,,,Pants,Pants,,,,,,,,,,,,,,,,,,,93,,
Ryderwear,Female,NKD Scrunch V Pocket Leggings,Yes,ryderwear_female_nkd_leggings_v_full_length_pocket_scrunch,Apparel,NKD,NULL,Leggings,,V,,Yes,,,,,,Full_Length,Pocket,,,Pants,Pants,,,,,,,,,,,,,,,,,,,94,,
Ryderwear,Female,NKD Scrunch V Pocket Shorts,Yes,ryderwear_female_nkd_shorts_v_pocket_scrunch,Apparel,NKD,NULL,Shorts,,V,,Yes,,,,,,,Pocket,,,Pants,Pants,,,,,,,,,,,,,,,,,,,95,,
Ryderwear,Female,NKD Scrunch V Shorts,Yes,ryderwear_female_nkd_shorts_v_scrunch,Apparel,NKD,NULL,Shorts,,V,,Yes,,,,,,,,,,Pants,Pants,,,,,,,,,,,,,,,,,,,96,,
Ryderwear,Female,NKD Scrunch V Halter Bra,Yes,ryderwear_female_nkd_sports_bra_longline_v_neck_halter_light_support_scrunch,Apparel,NKD,NULL,Sports_Bra,,Longline,,Yes,NULL,V_Neck,Halter,Light_Support,NULL,NULL,,,,Tops,Tops,,,,,,,,,,,,,,,,,,,91,,
Ryderwear,Female,NKD Scrunch Halter Tank Top,Yes,ryderwear_female_nkd_tank_top_scrunch,Apparel,NKD,NULL,Tank_Top,,,,Yes,,,,,,,,,,Tops,Tops,,,,,,,,,,,,,,,,,,,90,,
Ryderwear,Female,NKD Scrunch Bodysuit,Yes,ryderwear_female_nkd_bodysuit_v_scrunch,Apparel,NKD,NULL,Bodysuit,,V,No,Yes,,,,,,,,Training,Gym,Set,Set,,,,,,,,,,,,,,,,,,,89,,
Ryderwear,Female,NKD Cross Waist Flared Leggings,Yes,ryderwear_female_nkd_leggings_flared_cross_over,Apparel,NKD,NULL,Leggings,,Flared_Cross_Over,,,,,,,,,,,,Pants,Pants,,,,,,,,,,,,,,,,,,,84,,
Ryderwear,Female,NKD Bandeau Sports Bra,Yes,ryderwear_female_nkd_sports_bra_elastic_underbust_band_bandeau_strapless_low_support,Apparel,NKD,NULL,Sports_Bra,,Elastic_Underbust_Band,,No,NULL,Bandeau,Strapless,Low_Support,,,,,,Tops,Tops,,,,,,,,,,,,,,,,,,,82,,
Ryderwear,Female,NKD Knot Sports Bra,Yes,ryderwear_female_nkd_sports_bra_elastic_underbust_band_knot_cross_over_back_light_support,Apparel,NKD,NULL,Sports_Bra,,Elastic_Underbust_Band,,No,NULL,Knot,Cross_Over_Back,Light_Support,,,,,,Tops,Tops,,,,,,,,,,,,,,,,,,,87,,
Ryderwear,Female,NKD One Shoulder Sports Bra,Yes,ryderwear_female_nkd_sports_bra_elastic_underbust_band_one_shoulder_asymmetrical_back_low_support,Apparel,NKD,NULL,Sports_Bra,,Elastic_Underbust_Band,,No,NULL,One_Shoulder,Asymmetrical_Back,Low_Support,,,,,,Tops,Tops,,,,,,,,,,,,,,,,,,,88,,
Ryderwear,Female,NKD Underwire Keyhole Sports Bra,Yes,ryderwear_female_nkd_sports_bra_underwire_keyhole_racerback_medium_support_scrunch,Apparel,NKD,NULL,Sports_Bra,,Underwire,No,Yes,NULL,Keyhole,Racerback,Medium_Support,NULL,NULL,,,,Tops,Tops,,,,,,,,,,,,,,,,,,,101,,
Ryderwear,Female,NKD Twist Sports Bra,Yes,ryderwear_female_nkd_sports_bra_v_neck_cross_over_back_low_support,Apparel,NKD,NULL,Sports_Bra,,,,No,NULL,V_Neck,Cross_Over_Back,Low_Support,,,,,,Tops,Tops,,,,,,,,,,,,,,,,,,,99,,
Ryderwear,Female,NKD Embody Sports Crop,No,ryderwear_female_nkd_sports_bra_v_neck_cross_over_back_light_support,Apparel,NKD,NULL,Sports_Bra,,NULL,,No,NULL,V_Neck,Cross_Over_Back,Light_Support,,,,,,Tops,Tops,,,,,,,,,,,,,,,,,,,85,,
Ryderwear,Female,NKD Half Zip Long Sleeve Top,Yes,ryderwear_female_nkd_long_sleeve_half_zip,Apparel,NKD,NULL,Long_Sleeve,,,,,,,,,,,Half_Zip,,,Tops,Tops,,,,,,,,,,,,,,,,,,,86,,
Ryderwear,Female,NKD Square Neck Top,Yes,ryderwear_female_nkd_tank_top_square_neck,Apparel,NKD,NULL,Tank_Top,,Square_Neck,,,,,,,,,,,,Tops,Tops,,,,,,,,,,,,,,,,,,,97,,
Ryderwear,Female,NKD Tee,Yes,ryderwear_female_nkd_t_shirt,Apparel,NKD,NULL,T_Shirt,,,,,,,,,,,,,,Tops,Tops,,,,,,,,,,,,,,,,,,,98,,
Ryderwear,Female,NKD Underwire Keyhole Bodysuit,Yes,ryderwear_female_nkd_bodysuit_underwire_keyhole_cross_over_back_scrunch,Apparel,NKD,NULL,Bodysuit,,Underwire,No,Yes,No,Keyhole,Cross_Over_Back,Light_Support,NULL,NULL,,,,Set,Set,,,,,,,,,,,,,,,,,,,100,,
Ryderwear,Female,NKD Core Bra,No,ryderwear_female_nkd_sports_bra_elastic_underbust_band_square_neck_straight_back_light_support,Apparel,NKD,NULL,Sports_Bra,,Elastic_Underbust_Band,Yes,No,NULL,Square_Neck,Straight_Back,Light_Support,,,,,,Tops,Tops,,,,,,,,,,,,,,,,,,,83,,
Ryderwear,Female,Rib Seamless Halter Sports Bra,Yes,ryderwear_female_rib_seamless_sports_bra_v_neck_halter_low_support,Apparel,Rib_Seamless,NULL,Sports_Bra,,,Yes,No,NULL,V_Neck,Halter,Low_Support,NULL,NULL,,,,Tops,Tops,,,,,,,,,,,,,,,,,,,105,,
Ryderwear,Female,Rib Seamless T-Shirt,Yes,ryderwear_female_rib_seamless_t_shirt,Apparel,Rib_Seamless,NULL,T_Shirt,,,Yes,,,,,,,,,,,Tops,Tops,,,,,,,,,,,,,,,,,,,108,,
Ryderwear,Female,Rib Seamless Scrunch Leggings,Yes,ryderwear_female_rib_seamless_leggings_waistband_scrunch,Apparel,Rib_Seamless,NULL,Leggings,,Waistband,Yes,Yes,,,,,,,,,,Pants,Pants,,,,,,,,,,,,,,,,,,,106,,
Ryderwear,Female,Rib Seamless Scrunch Shorts,Yes,ryderwear_female_rib_seamless_shorts_waistband_scrunch,Apparel,Rib_Seamless,NULL,Shorts,,Waistband,Yes,Yes,,,,,,,,,,Pants,Pants,,,,,,,,,,,,,,,,,,,107,,
Ryderwear,Female,Lift Rib Seamless Halter Sports Bra,Yes,ryderwear_female_rib_seamless_sports_bra_scoop_neck_halter_light_support,Apparel,Rib_Seamless,NULL,Sports_Bra,,,Yes,No,NULL,Scoop_Neck,Halter,Light_Support,NULL,NULL,,,,Tops,Tops,,,,,,,,,,,,,,,,,,,79,,
Ryderwear,Female,Lift 2.0 Seamless Sports Bra,Yes,ryderwear_female_lift_2_0_sports_bra_rib_waistband_light_support,Apparel,Lift_2_0,NULL,Sports_Bra,,Rib_Waistband,Yes,No,,,,Light_Support,,,,Gym,Strength,Tops,Tops,,,,,,,"Featuring adjustable straps and a secure ribbed underband, the sports bra delivers light support with a flattering fit that moves comfortably with you. Wear it solo or pair it with the matching bottoms for a cohesive sculpted look.",,,,,,,,,,,,78,,
Ryderwear,Female,Lift 2.0 BBL Seamless High-Waisted Leggings,Yes,ryderwear_female_lift_2_0_leggings_foldover_ribbed_high_waisted,Apparel,Lift_2_0,NULL,Leggings,,Foldover_Ribbed,Yes,No,,,,,High_Waisted,,,,,Pants,Pants,,,,,,,"The high-waisted design and foldover ribbed waistband provide a secure, flattering fit, while sculpting panels contour and enhance the glutes for a confident, contoured silhouette inspired by Brazilian-style shaping.",,,,,,,,,,,,76,,
Ryderwear,Female,Lift 2.0 BBL Seamless High-Waisted Shorts,Yes,ryderwear_female_lift_2_0_shorts_foldover_ribbed_high_waisted,Apparel,Lift_2_0,NULL,Shorts,,Foldover_Ribbed,Yes,No,,,,,High_Waisted,,,,,Pants,Pants,,,,,,,"The high-waisted, foldover ribbed waistband ensures a secure fit, while sculpting panels subtly define and enhance the glutes for a lifted, confident look during every session.",,,,,,,,,,,,77,,
Ryderwear,Female,Contour Halter Sports Bra,Yes,ryderwear_female_contour_sports_bra_rib_waistband_light_support,Apparel,Contour,NULL,Sports_Bra,,Rib_Waistband,Yes,No,NULL,,,Light_Support,,,,,,Tops,Tops,,,,,,,,,,,,,,,,,,,55,,
Ryderwear,Female,Contour Seamless High-Waisted Shorts,Yes,ryderwear_female_contour_shorts_foldover_ribbed_high_waisted,Apparel,Contour,NULL,Shorts,,Foldover_Ribbed,Yes,No,NULL,,,,High_Waisted,,,,,Pants,Pants,,,,,,,,,,,,,,,,,,,57,,
Ryderwear,Female,Contour Seamless High-Waisted Leggings,Yes,ryderwear_female_contour_leggings_foldover_ribbed_high_waisted,Apparel,Contour,NULL,Leggings,,Foldover_Ribbed,Yes,No,NULL,,,,High_Waisted,,,,,Pants,Pants,,,,,,,,,,,,,,,,,,,56,,
Ryderwear,Female,Contour Track Pants,Yes,ryderwear_female_contour_track_pants_brushed_fleece_elastic_waistband_ankle_cuff,Apparel,Contour,NULL,Track_Pants,Brushed_Fleece,Elastic_Waistband_Ankle_Cuff,,,,,,,,,,,,Pants,Pants,,,,,,,,,,,,,,,,,,,58,,
Ryderwear,Female,Sculpt Seamless Halter Sports Bra,Yes,ryderwear_female_sculpt_sports_bra_rib_waistband_low_support,Apparel,Sculpt,NULL,Sports_Bra,,Rib_Waistband,Yes,No,NULL,,,Low_Support,,,,,,Tops,Tops,,,,,,,,,,,,,,,,,,,109,,
Ryderwear,Female,Sculpt Seamless High-Waisted Shorts,Yes,ryderwear_female_sculpt_shorts_foldover_ribbed_high_waisted_scrunch,Apparel,Sculpt,NULL,Shorts,,Foldover_Ribbed,Yes,Yes,No,,,,High_Waisted,,,,,Pants,Pants,,,,,,,,,,,,,,,,,,,111,,
Ryderwear,Female,Sculpt Seamless High-Waisted Leggings,Yes,ryderwear_female_sculpt_leggings_foldover_ribbed_high_waisted_scrunch,Apparel,Sculpt,NULL,Leggings,,Foldover_Ribbed,Yes,Yes,No,,,,High_Waisted,,,,,Pants,Pants,,,,,,,,,,,,,,,,,,,110,,
Ryderwear,Female,Stonewash Seamless Sports Bra,Yes,ryderwear_female_stonewash_sports_bra_rib_waistband_v_neck_racerback_light_support,Apparel,Stonewash,NULL,Sports_Bra,,Rib_Waistband,Yes,No,NULL,V_Neck,Racerback,Light_Support,,,,,,Tops,Tops,,,,,,,,,,,,,,,,,,,116,,
Ryderwear,Female,Stonewash Seamless High-Waisted Scrunch Leggings,Yes,ryderwear_female_stonewash_leggings_foldover_ribbed_high_waisted_scrunch_invisible,Apparel,Stonewash,NULL,Leggings,,Foldover_Ribbed,Yes,Yes,Yes,,,,High_Waisted,,,,,Pants,Pants,,,,,,,,,,,,,,,,,,,114,,
Ryderwear,Female,Stonewash Seamless High-Waisted Scrunch Shorts,Yes,ryderwear_female_stonewash_shorts_foldover_ribbed_high_waisted_scrunch_invisible,Apparel,Stonewash,NULL,Shorts,,Foldover_Ribbed,Yes,Yes,Yes,,,,High_Waisted,,,,,Pants,Pants,,,,,,,,,,,,,,,,,,,115,,
Ryderwear,Female,Empower Sports Bra — Wide Strap Back Cut-Out,Yes,ryderwear_female_empower_sports_bra_leopard_print_scoop_neck_racerback_wide_strap_back_cutout_medium_support,Apparel,Empower,NULL,Sports_Bra,Leopard_Print,NULL,No,No,NULL,Scoop_Neck,Racerback,Medium_Support,NULL,NULL,Wide_Strap_Back_Cutout,,,Tops,Tops,,,,,,,,,,,,,,,,,,,67,,
Ryderwear,Female,Empower Sports Bra Crop — Cross-Over Straps,Yes,ryderwear_female_empower_sports_bra_leopard_print_cross_over_scoop_neck_cross_over_back_light_support,Apparel,Empower,NULL,Sports_Bra,Leopard_Print,Cross_Over,No,No,NULL,Scoop_Neck,Cross_Over_Back,Light_Support,NULL,NULL,,,,Tops,Tops,,,,,,,,,,,,,,,,,,,66,,
Ryderwear,Female,Empower High-Waisted Shorts,Yes,ryderwear_female_empower_shorts_leopard_print_foldover_ribbed_high_waisted,Apparel,Empower,NULL,Shorts,Leopard_Print,Foldover_Ribbed,No,No,NULL,,,,High_Waisted,NULL,,,,Pants,Pants,,,,,,,,,,,,,,,,,,,65,,
Ryderwear,Female,Empower High-Waisted Leggings,Yes,ryderwear_female_empower_leggings_leopard_print_foldover_ribbed_high_waisted,Apparel,Empower,NULL,Leggings,Leopard_Print,Foldover_Ribbed,No,No,NULL,,,,High_Waisted,NULL,,,,Pants,Pants,,,,,,,,,,,,,,,,,,,64,,
Ryderwear,Female,Honeycomb Seamless Sports Bra,Yes,ryderwear_female_honeycomb_sports_bra_scoop_neck_cross_over_back_medium_support,Apparel,Honeycomb,NULL,Sports_Bra,,NULL,Yes,No,NULL,Scoop_Neck,Cross_Over_Back,Medium_Support,NULL,NULL,,,,Tops,Tops,,,,,,,,,,,,,,,,,,,71,,
Ryderwear,Female,Honeycomb Seamless High-Waisted Scrunch Leggings,Yes,ryderwear_female_honeycomb_leggings_foldover_high_waisted_full_length_scrunch,Apparel,Honeycomb,NULL,Leggings,,Foldover,Yes,Yes,No,,,,High_Waisted,Full_Length,,,,Pants,Pants,,,,,,,,,,,,,,,,,,,69,,
Ryderwear,Female,Honeycomb Seamless High-Waisted Scrunch Shorts,Yes,ryderwear_female_honeycomb_shorts_foldover_high_waisted_scrunch,Apparel,Honeycomb,NULL,Shorts,,Foldover,Yes,Yes,No,,,,High_Waisted,,,,,Pants,Pants,,,,,,,,,,,,,,,,,,,70,,
Ryderwear,Female,Icon V-Neck Sports Bra,Yes,ryderwear_female_icon_sports_bra_v_neck_halter_centre_spine_low_support,Apparel,Icon,NULL,Sports_Bra,NULL,NULL,No,No,NULL,V_Neck,Halter,Low_Support,NULL,NULL,Centre_Spine,,,Tops,Tops,,,,,,,,,,,,,,,,,,,75,,
Ryderwear,Female,Icon Scoop Neck Sports Bra,Yes,ryderwear_female_icon_sports_bra_elastic_underbust_band_scoop_neck_multi_cross_over_back_straps_medium_support,Apparel,Icon,NULL,Sports_Bra,NULL,Elastic_Underbust_Band,No,No,NULL,Scoop_Neck,Multi_Cross_Over_Back_Straps,Medium_Support,NULL,NULL,,,,Tops,Tops,,,,,,,,,,,,,,,,,,,74,,
Ryderwear,Female,Icon Cross-Over Scrunch Leggings,Yes,ryderwear_female_icon_leggings_cross_over_high_waisted_full_length_scrunch,Apparel,Icon,NULL,Leggings,NULL,Cross_Over,No,Yes,No,NULL,NULL,,High_Waisted,Full_Length,,,,Pants,Pants,,,,,,,,,,,,,,,,,,,72,,
Ryderwear,Female,Icon Cross-Over Scrunch Shorts,Yes,ryderwear_female_icon_shorts_cross_over_high_waisted_scrunch,Apparel,Icon,NULL,Shorts,NULL,Cross_Over,No,Yes,No,NULL,NULL,,High_Waisted,NULL,,,,Pants,Pants,,,,,,,,,,,,,,,,,,,73,,
Ryderwear,Female,Ultra Mesh Tank,Yes,ryderwear_female_ultra_tank_top_mesh,Apparel,Ultra,NULL,Tank_Top,,,,,,,,,,,Mesh,,,Tops,Tops,,,,,,,,,,,,,,,,,,,118,,
Ryderwear,Female,Ultra Scoop Tank,Yes,ryderwear_female_ultra_tank_top_scoop,Apparel,Ultra,NULL,Tank_Top,,,,,,,,,,,Scoop,,,Tops,Tops,,,,,,,,,,,,,,,,,,,120,,
Ryderwear,Female,Ultra Scoop T-Shirt,Yes,ryderwear_female_ultra_t_shirt_scoop,Apparel,Ultra,NULL,T_Shirt,,,,,,,,,,,Scoop,,,Tops,Tops,,,,,,,,,,,,,,,,,,,119,,
Ryderwear,Female,Replay Cut-Out Sports Bra,Yes,ryderwear_female_replay_sports_bra_cut-out,Apparel,Replay,NULL,Sports_Bra,,,,,,,,,,,Cut-Out,,,Tops,Tops,,,,,,,,,,,,,,,,,,,103,,
Ryderwear,Female,Replay High-Waisted Leggings,Yes,ryderwear_female_replay_leggings_high-waisted,Apparel,Replay,NULL,Leggings,,,,,,,,,,,High-Waisted,,,Pants,Pants,,,,,,,,,,,,,,,,,,,104,,
Ryderwear,Female,Momentum Twist Sports Bra,Yes,ryderwear_female_momentum_sports_bra_twist,Apparel,Momentum,NULL,Sports_Bra,,,,,,,,,,,Twist,,,Tops,Tops,,,,,,,,,,,,,,,,,,,81,,
Ryderwear,Female,Persist Training Shorts,Yes,ryderwear_female_persist_shorts_training,Apparel,Persist,NULL,Shorts,,,,,,,,,,,Training,,,Pants,Pants,,,,,,,,,,,,,,,,,,,102,,
Ryderwear,Female,Logo Lux Seamless Sports Bra,Yes,ryderwear_female_logo lux_sports_bra_seamless,Apparel,Logo Lux,NULL,Sports_Bra,,,,,,,,,,,Seamless,,,Tops,Tops,,,,,,,,,,,,,,,,,,,80,,
Ryderwear,Female,Staples Seamless Shorts,Yes,ryderwear_female_staples_shorts_seamless,Apparel,Staples,NULL,Shorts,,,,,,,,,,,Seamless,,,Pants,Pants,,,,,,,,,,,,,,,,,,,113,,
Ryderwear,Female,Activate Sports Bra,Yes,ryderwear_female_activate_sports_bra_twist,Apparel,Activate,NULL,Sports_Bra,,,,,,,,,,,Twist,,,Tops,Tops,,,,,,,,,,,,,,,,,,,63,,
Ryderwear,Female,Terry Towelling Cropped Sports Bra,Yes,ryderwear_female_terry towelling_sports_bra_cropped,Apparel,Terry Towelling,NULL,Sports_Bra,,,,,,,,,,,Cropped,,,Tops,Tops,,,,,,,,,,,,,,,,,,,117,,
Ryderwear,Female,Slouchy Off Shoulder Top,Yes,ryderwear_female_slouchy_off_shoulder_top,Apparel,NULL,NULL,Slouchy_Off_Shoulder_Top,,,,,,,,,,,NULL,,,Tops,Tops,,,,,,,,,,,,,,,,,,,112,,
Ryderwear,Unisex,Gym Bag,Yes,ryderwear_unisex_gym_bag_accessories,Non-Wearables,NULL,NULL,Gym_Bag,,,,,,,,,,,Accessories,,,Equipment,Equipment,,,,,,,,,,,,,,,,,,,68,,
Stax,Female,Airlyte: Wrap Longsleeve,Yes,stax_female_long_sleeve_wrap longsleeve,Apparel,,NULL,Long_Sleeve,,,,,,,,,,,Wrap Longsleeve,,,Tops,Tops,Adults,Both,Regular Fit,"training,studio",69.99,59.99,"Wrap yourself in confidence with this sleek and sculpted long-sleeve top. Designed with a flattering deep V-neckline and a soft wrap front, the AirLyté Wrap Longsleeve contours comfortably without clinging too tight. Thumbholes add functionality, while the breathable, four-way stretch fabric keeps up with every rep, reach, and rest. Whether layered over your sports bra for workouts or styled solo for post-gym plans, this top brings form and flow together effortlessly.",,images/brands/stax/women/airlyte/wrap-longsleeve/,images/brands/stax/women/airlyte/wrap-longsleeve/01.png;images/brands/stax/women/airlyte/wrap-longsleeve/02.png;images/brands/stax/women/airlyte/wrap-longsleeve/03.png,stax-airlyte-wrap-longsleeve,stax_airlyte,"Plus-size model wearing the Stax AirLyté Wrap Longsleeve in soft pink, styled with both matching leggings and bike shorts. The fitted top features a wrap-front design, deep V-neckline, and thumbholes, shown in front and side poses.","The Stax AirLyté Wrap Longsleeve is modeled on a plus-size woman in a soft pink colorway. This fitted activewear top has a flattering wrap-style front, deep V-neckline that reveals a berry-toned sports bra underneath, and thumbholes for comfort and stability. Shown paired with both high-rise leggings and bike shorts, the model demonstrates front and side views to highlight the garment’s stretch and sculpted fit.",,,,Yes,34,custom,
Stax,Female,Airlyte: Active Zipper Jacket,Yes,stax_female_long_sleeve_active,Apparel,,NULL,Long_Sleeve,,,,,,,,,,,Active,,,Tops,Tops,Adults,Both,Regular Fit,"training,studio",110,93.5,"Sleek, sculpted, and ready to move—the Stax AirLyté Active Zip Jacket delivers contouring support with a polished edge. Made from lightweight, second-skin AirLyté fabric, it hugs your shape while giving you the freedom to flow from workout to wind-down. The full-length zip front, thumbhole cuffs, and curved panel seams strike a confident balance between function and feminine style. Wear it zipped to the top or layered open—your pace, your look.",,images/brands/stax/women/airlyte/active_zip_Jacket/,images/brands/stax/women/airlyte/active_zip_Jacket/01.png;images/brands/stax/women/airlyte/active_zip_Jacket/02.png;images/brands/stax/women/airlyte/active_zip_Jacket/03.png;images/brands/stax/women/airlyte/active_zip_Jacket/04.png;images/brands/stax/women/airlyte/active_zip_Jacket/05.png;images/brands/stax/women/airlyte/active_zip_Jacket/06.png;images/brands/stax/women/airlyte/active_zip_Jacket/07.png,stax-airlyte-active-zipper-jacket,stax_airlyte,"Model wearing the Stax AirLyté Active Zip Jacket in light pink, shown zipped up and open, styled with matching shorts or leggings in various poses.","Image series of the Stax AirLyté Active Zip Jacket in pink, shown on multiple models in open and zipped positions, styled with matching activewear.",,,,Yes,35,custom,
Stax,Female,AirLyte: Backless Playsuit,Yes,stax_female_one_piece_backless playsuit,Apparel,,NULL,One_Piece,,,,,,,,,,,Backless Playsuit,,,Set,Set,Adults,Both,Compression,"studio,athleisure",70,59.5,"Sleek, sculpting, and made to move—this backless playsuit hugs you in all the right places. With a deep V neckline, thin adjustable straps, and a compressive stretch feel, it’s built for flexibility whether you’re training, stretching, or just stepping out. The soft beige trim adds just enough contrast to keep it effortlessly elevated.",,images/brands/stax/women/airlyte/backless_playsuit/,images/brands/stax/women/airlyte/backless_playsuit/01.png;images/brands/stax/women/airlyte/backless_playsuit/02.png;images/brands/stax/women/airlyte/backless_playsuit/03.png;images/brands/stax/women/airlyte/backless_playsuit/04.png;images/brands/stax/women/airlyte/backless_playsuit/05.png;images/brands/stax/women/airlyte/backless_playsuit/06.png;images/brands/stax/women/airlyte/backless_playsuit/07.png,stax-airlyte-backless-playsuit,stax_airlyte,"A women's sleeveless chocolate brown playsuit from the Stax AirLyté collection, featuring a deep V neckline, fitted body, and criss-cross back straps with beige trim.","Stax AirLyté Backless Playsuit shown in chocolate brown on slim and plus-size models. The form-fitting design includes a V neckline with beige trim, adjustable thin straps crossing at the back, and mid-thigh leg length. Designed for comfort, stretch, and active movement.",,,,Yes,36,custom,
Stax,Female,AirLyte: Full-Length Tights,Yes,stax_female_leggings_lyte: full; length,Apparel,,NULL,Leggings,,,,,,,,,,,Lyte: Full; Length,,,Pants,Pants,Adults,Both,Compression,"training,studio",80,68,"The Stax AirLyté Full-Length Tights are engineered for comfort, stretch, and smooth support. Designed in a vibrant candy pink shade, they feature a high-rise waistband that flatters every figure and stays put through any workout. Whether you're deep in your yoga flow or on a weekend errand run, these tights move with you—never against you. The AirLyté fabric is buttery soft, ultra-breathable, and moisture-wicking, making them your new go-to for training or lounging.",,images/brands/stax/women/airlyte/full-length_tights/,images/brands/stax/women/airlyte/full-length_tights/01.png;images/brands/stax/women/airlyte/full-length_tights/02.png,stax-airlyte-full-length-tights,stax_airlyte,"Two women wear the Stax AirLyté Full-Length Tights in pastel pink—one slim facing the front with white sneakers, the other plus-sized and turned away showing the high waist and sculpted back view.","Model one wearing Stax AirLyté Full-Length Tights in candy pink, shown from the front to highlight the high-rise waistband and snug fit; model two shown from the back, revealing the smooth seam lines and stretch-enhanced silhouette.",,,,Yes,37,custom,
Stax,Female,AirLyte: Mini Biker Shorts,Yes,stax_female_shorts_lyte: mini; biker,Apparel,,NULL,Shorts,,,,,,,,,,,Lyte: Mini; Biker,,,Pants,Pants,Adults,Both,Compression,"training,studio",60,51,"Cut for comfort and confidence, the Stax AirLyté Mini Biker Shorts are your warm-weather go-to for effortless movement. Designed in a soft pastel pink, these high-waisted shorts sculpt and support with second-skin smoothness, hugging your body without digging in. The wide waistband flatters the midsection, while the short inseam gives you breathable flexibility—ideal for high-intensity workouts, casual styling, or layering under oversized fits. Crafted from Stax’s signature AirLyté fabric, the fit feels weightless yet secure, stretchable but strong.",,images/brands/stax/women/airlyte/mini_biker_shorts/,images/brands/stax/women/airlyte/mini_biker_shorts/01.png;images/brands/stax/women/airlyte/mini_biker_shorts/02.png,stax-airlyte-mini-biker-shorts,stax_airlyte,"Two women wear the Stax AirLyté Mini Biker Shorts in pastel pink—one slim and standing with legs crossed in white sneakers, the other plus-sized in a confident front-facing pose with matching top.","Product images of the Stax AirLyté Mini Biker Shorts in pastel pink. A slim model wears the shorts with a close-up of the front, while a plus-size model displays the full matching set from the front, showing the flattering high-rise waist and sculpted fit across sizes.",,,,Yes,38,custom,
Stax,Female,AirLyte: Ruched Tank,Yes,stax_female_tank_top_ruched tank,Apparel,,NULL,Tank_Top,,,,,,,,,,,Ruched Tank,,,Tops,Tops,Adults,Both,Compression,"studio,athleisure",60,51,"A standout base layer that flatters every figure, the Stax AirLyté Ruched Tank in pastel pink brings sleek style to every size. Designed to contour and support, it features a ruched front, built-in shelf bra, and soft cross-back straps for a barely-there feel. As one of the most versatile pieces in the AirLyté collection, it layers seamlessly over your favorite shorts or tights, whether you're training, stretching, or styling a streetwear look. Featured here on both slim and plus-sized models to highlight its flawless fit for every body.",,images/brands/stax/women/airlyte/ruched_tank/,images/brands/stax/women/airlyte/ruched_tank/01.png;images/brands/stax/women/airlyte/ruched_tank/02.png;images/brands/stax/women/airlyte/ruched_tank/03.png;images/brands/stax/women/airlyte/ruched_tank/04.png;images/brands/stax/women/airlyte/ruched_tank/05.png;images/brands/stax/women/airlyte/ruched_tank/06.png;images/brands/stax/women/airlyte/ruched_tank/07.png;images/brands/stax/women/airlyte/ruched_tank/08.png;images/brands/stax/women/airlyte/ruched_tank/09.png;images/brands/stax/women/airlyte/ruched_tank/10.png;images/brands/stax/women/airlyte/ruched_tank/11.png;images/brands/stax/women/airlyte/ruched_tank/12.png,stax-airlyte-ruched-tank,stax_airlyte,"Two women wear the Stax AirLyté Ruched Tank in pastel pink—one slim, the other plus-sized—and matching pink biker shorts with white sneakers to demonstrate the tank’s flattering fit and versatility across body types.","Two women wear the Stax AirLyté Ruched Tank in pastel pink—one slim, the other plus-sized—and matching pink biker shorts with white sneakers to demonstrate the tank’s flattering fit and versatility across body types. Additional images show close-up views of the ruched front, supportive shelf bra, and soft crisscross straps, capturing the tank from multiple angles to showcase its detail and fit.",,,,Yes,39,custom,
Stax,Female,Nandex: Venus Skirt,Yes,stax_female_skirt_venus skirt; venus,,,,Skirt,,,,,,,,,,,Venus Skirt; Venus,,,Skirts and Dresses,Skirts and Dresses,Adults,Both,Regular Fit,tennis,70,59.5,"Serve looks on and off the court. The Stax Venus Skirt brings sleek athletic energy to your fit with a flared hem, side split, and buttery-soft stretch fabric built for movement. A rare find in the Stax range, this skirt is perfect for tennis or styled up as a versatile athleisure piece. The wide waistband offers a secure yet flattering fit, while the subtle split adds ease for dynamic play—or just showing off sneakers.",,images/brands/stax/women/nandex/venus_skirt/,images/brands/stax/women/nandex/venus_skirt/02.png;images/brands/stax/women/nandex/venus_skirt/03.png;images/brands/stax/women/nandex/venus_skirt/04.png;images/brands/stax/women/nandex/venus_skirt/05.png;images/brands/stax/women/nandex/venus_skirt/06.png;images/brands/stax/women/nandex/venus_skirt/07.png;images/brands/stax/women/nandex/venus_skirt/08.png,stax-nandex-venus-skirt,stax_nandex,"Multiple women wear the Stax Venus Skirt in black—an athletic-style skirt with a high waistband and side split, styled for movement and performance. Pairs shown include a fitted tennis tank, asymmetrical crop, and performance sneakers.","Multiple women wear the Stax Venus Skirt in black—an athletic-style skirt with a high waistband and side split, styled for movement and performance. Pairs shown include a fitted tennis tank, asymmetrical crop, and performance sneakers.",,,,Yes,40,custom,
Stax,Female,Nandex: Flex Crop,Yes,stax_female_crop_top_flex crop,,,,Crop_Top,,,,,,,,,,,Flex Crop,,,Tops,Tops,Adults,Both,Compression,"tennis,training",65,55.25,"Perfectly matched with the Venus Skirt, the Flex Crop is the most supportive of the three crop options in the Nandex range—making it your best choice for a game of tennis or any movement-intensive activity. With its bold asymmetrical cutout design and firm elastic band, the Flex Crop balances style and function in one statement piece. If you’re after a softer silhouette or require less support, the Strappy Crop and Adira Crop offer lightweight alternatives in the same Nandex fabric and coordinating color palette.",,images/brands/stax/women/nandex/flex_crop/,images/brands/stax/women/nandex/flex_crop/01.png;images/brands/stax/women/nandex/flex_crop/02.png;images/brands/stax/women/nandex/flex_crop/03.png;images/brands/stax/women/nandex/flex_crop/04.png,stax-nandex-flex-crop,stax_nandex,"Two women wear the Stax Nandex Flex Crop in black—one slim, the other plus-sized—styled with the black Venus Skirt and matching sneakers to highlight the crop’s asymmetrical cut and high-support design for tennis movement.","Two women wear the Stax Nandex Flex Crop in black—one slim, the other plus-sized—styled with the black Venus Skirt and sneakers to showcase the crop’s bold one-shoulder design and supportive fit, ideal for active play.",,,,Yes,41,custom,
Stax,Female,Nandex: Adira Crop,Yes,stax_female_crop_top_adira crop,,,,Crop_Top,,,,,,,,,,,Adira Crop,,,Tops,Tops,Adults,Both,Compression,"training,studio",65,55.25,"The Adira Crop balances elegant asymmetry with light-to-medium support, offering a stylish alternative for days when you want comfort with a bold twist. With its single-shoulder design and minimalist lines, it’s perfect for casual rallies or hitting the court at your own pace. Though not as structured as the Flex Crop, the Adira still delivers a secure fit for those with smaller busts or lower support needs. Crafted in breathable Nandex fabric, it moves smoothly with your body while making a statement on and off the court.",,images/brands/stax/women/nandex/adira_crop/,images/brands/stax/women/nandex/adira_crop/01.png;images/brands/stax/women/nandex/adira_crop/02.png;images/brands/stax/women/nandex/adira_crop/03.png;images/brands/stax/women/nandex/adira_crop/04.png,stax-nandex-adira-crop,stax_nandex,"Two women wear the Stax Nandex Adira Crop in black—one slim, one plus-sized—with matching high-waisted leggings to show the asymmetrical one-shoulder neckline and soft, form-fitting comfort across body types.","Two women wear the Stax Nandex Adira Crop in black—one slim, one plus-sized—paired with black tights to demonstrate the sleek one-shoulder style and flattering light-support fit for a range of body shapes.",,,,Yes,42,custom,
Stax,Female,Nandex: Strappy Crop,Yes,stax_female_long_sleeve_strappy crop,,,,Long_Sleeve,,,,,,,,,,,Strappy Crop,,,Tops,Tops,Adults,Both,Compression,studio,65,55.25,"Minimalist and effortlessly flattering, the Stax Nandex Strappy Crop is your go-to for low-impact days, warm-ups, or activewear chic. With slender spaghetti straps and a scooped neckline, it’s the most relaxed fit of the trio—ideal for light court activity or post-match comfort. While not designed for high-impact play, its stretchy Nandex material still provides a gentle hold and second-skin feel. Pair it with the Venus Skirt for a clean, feminine look that blends sport with style.",,images/brands/stax/women/nandex/strappy_crop/,images/brands/stax/women/nandex/strappy_crop/01.png;images/brands/stax/women/nandex/strappy_crop/02.png;images/brands/stax/women/nandex/strappy_crop/03.png;images/brands/stax/women/nandex/strappy_crop/04.png,stax-nandex-strappy-crop,stax_nandex,"Two women wear the Stax Nandex Strappy Crop in black—one slim, the other plus-sized—posing from front and back to reveal the minimal spaghetti strap design and racerback support across different body types.","Two women wear the Stax Nandex Strappy Crop in black—one slim, one plus-sized—shown from front and back angles to highlight the light support, low-coverage neckline, and racerback design.",,,,Yes,43,custom,
Stax,Female,Nandex: V-Front Crop,Yes,stax_female_crop_top_v,,,,Crop_Top,,,,,,,,,,,V,,,Tops,Tops,Adults,Both,Compression,studio,59.99,50.99,"A bold, sculpting statement for the gym or your next fitness shoot. The Stax V-Front Crop combines a plunging neckline with cross-front panelling that enhances your natural shape while maintaining support during movement. Designed with thick straps and a secure underband, it’s flattering, breathable, and crafted for those who want their activewear to turn heads as well as perform.",,images/brands/stax/women/nandex/v_front-crop/,images/brands/stax/women/nandex/v_front-crop/01.png;images/brands/stax/women/nandex/v_front-crop/02.png;images/brands/stax/women/nandex/v_front-crop/03.png;images/brands/stax/women/nandex/v_front-crop/04.png;images/brands/stax/women/nandex/v_front-crop/05.png;images/brands/stax/women/nandex/v_front-crop/06.png,stax-nandex-v-front-crop,stax_nandex,"Two women wear the Stax V-Front Crop in mauve pink—one slim, the other plus-sized—and matching V-waist bike shorts with white sneakers, showcasing the crop’s plunging neckline, sculpted support, and flattering fit across body types.","Two women model the Stax V-Front Crop in mauve pink—one slim, the other plus-sized—paired with matching V-waist bike shorts and white sneakers, highlighting the plunging neckline and supportive fit on both body types.",,,,Yes,44,custom,
Stax,Female,Second Left Seamless: Mini Biker Shorts,Yes,stax_female_shorts_left seamless: mini; biker,,,,Shorts,,,,,,,,,,,Left Seamless: Mini; Biker,,,Pants,Pants,Adults,Both,Compression,"training,studio",49.99,39.99,"The Secondleft Seamless range is engineered from a soft-touch stretch knit which moves with your body like a second skin. The Mini Biker Shorts offer sculpting support through the waistband while maintaining a lightweight feel for all-day wear. Whether you're lifting, lounging, or leaning into athleisure, these shorts deliver flexibility with subtle structure. Seen here in Sage and Chocolate, they’re styled three ways: with a vintage tennis racquet for a sporty vibe, as part of a minimalist set with the Bralette and Long Sleeve Scoop Crop, and layered under a puffer jacket for street-ready appeal.",,images/brands/stax/women/second_left_seamless_campaign/biker_shorts/,images/brands/stax/women/second_left_seamless_campaign/biker_shorts/01.png;images/brands/stax/women/second_left_seamless_campaign/biker_shorts/02.png;images/brands/stax/women/second_left_seamless_campaign/biker_shorts/03.png;images/brands/stax/women/second_left_seamless_campaign/biker_shorts/04.png;images/brands/stax/women/second_left_seamless_campaign/biker_shorts/05.png;images/brands/stax/women/second_left_seamless_campaign/biker_shorts/06.mp4,stax-second-left-seamless-mini-biker-shorts,stax_second_left_seamless,"Three women model the Secondleft Seamless Mini Biker Shorts in Sage and Chocolate—one slim with a tennis racquet, one plus-sized in coordinated pieces, and one styled in a puffer jacket—demonstrating the shorts’ versatility across body types and aesthetics.","Three women are shown wearing the Secondleft Seamless Mini Biker Shorts in both Sage and Chocolate. A slim model poses with a tennis racquet for a sporty look; a plus-sized model wears a minimalist matching set in Sage; and a third model in Chocolate pairs the shorts with a puffer jacket, highlighting the style’s flexibility across active, casual, and streetwear looks.",,,,Yes,45,custom,
Stax,Female,Second Left Seamless: Bralette,Yes,stax_female_sports_bra_left,,,,Sports_Bra,,,,,,,,,,,Left,,,Tops,Tops,Adults,Both,Compression,"training,studio",39.99,29.99,"Lightweight and barely-there, the Secondleft Seamless Bralette is your go-to for soft support and natural shaping. The minimalist design features a flattering V-neckline, adjustable spaghetti straps, and a ribbed underband that holds without digging. Designed to be worn solo or under layers, this bralette offers total comfort in motion or at rest—perfect for lounging, walking, or winding down. Styled in the Sage colourway, this bralette is paired here with matching seamless shorts on both slim and plus-sized models, showcasing its stretch fit and inclusive design from every angle.",,images/brands/stax/women/second_left_seamless_campaign/bralette/,images/brands/stax/women/second_left_seamless_campaign/bralette/01.png;images/brands/stax/women/second_left_seamless_campaign/bralette/02.png;images/brands/stax/women/second_left_seamless_campaign/bralette/03.png;images/brands/stax/women/second_left_seamless_campaign/bralette/04.png,stax-second-left-seamless-bralette,stax_second_left_seamless,"Two women wear the Secondleft Seamless Bralette in Sage—one slim and one plus-sized—shown from both front and rear angles to display the adjustable straps, ribbed band, and stretch fit across sizes.","Images showing two women wearing the Secondleft Seamless Bralette in Sage. One model is slim and the other plus-sized. Both front and rear views are included to demonstrate the design's support, adjustable fit, and inclusive stretch across body types.",,,,Yes,46,custom,
Stax,Female,Second Left Seamless: Long Sleeve Scoop Crop-Top,Yes,stax_female_long_sleeve_left seamless: long sleeve scoop,,,,Long_Sleeve,,,,,,,,,,,Left Seamless: Long Sleeve Scoop,,,Tops,Tops,Adults,Both,Slim Fit,"training,studio",69.99,59.49,"This long sleeve crop-top adds refined coverage with a scooped neckline and fitted silhouette. Made with soft-stretch fabric and thumbhole cuffs, it layers easily over the bralette or works as a sleek standalone. Its cropped cut highlights the waist while the second-skin knit ensures it hugs just right—whether you're heading to yoga or hitting the street in sneakers.",,images/brands/stax/women/second_left_seamless_campaign/scoop_long_sleeve/,images/brands/stax/women/second_left_seamless_campaign/scoop_long_sleeve/01.png;images/brands/stax/women/second_left_seamless_campaign/scoop_long_sleeve/02.png;images/brands/stax/women/second_left_seamless_campaign/scoop_long_sleeve/03.png;images/brands/stax/women/second_left_seamless_campaign/scoop_long_sleeve/04.png;images/brands/stax/women/second_left_seamless_campaign/scoop_long_sleeve/05.png;images/brands/stax/women/second_left_seamless_campaign/scoop_long_sleeve/06.mp4,stax-second-left-seamless-long-sleeve-scoop-crop-top,stax_second_left_seamless,"Two women—one slim, one plus-sized—wearing the Secondleft Seamless Long Sleeve Scoop Crop-Top in Sage. The top features a scoop neckline, long sleeves with thumbholes, and a cropped fit. Shown styled both layered over the bralette and as a standalone piece with matching seamless bottoms.","Two women—one slim, one plus-sized—wearing the Secondleft Seamless Long Sleeve Scoop Crop-Top in Sage. The top features a scoop neckline, long sleeves with thumbholes, and a cropped fit. Shown styled both layered over the bralette and as a standalone piece with matching seamless bottoms.",,,,Yes,47,custom,
Sting,Unisex,ArmaPlus Boxing Gloves,Yes,sting_unisex_boxing_gloves,,,,Boxing_Gloves,,,,,,,,,,,,,,Equipment,Equipment,Adults,Standard,Regular Fit,"boxing,training,combat",99.99,84.99,"Designed for durability, comfort, and impact absorption, the Sting ArmaPlus Boxing Gloves are ideal for training, sparring, and heavy bag work. Built with high-density foam padding and reinforced wrist support, they provide excellent shock absorption and stability while maintaining a comfortable fit. Trusted by gyms and athletes alike, ArmaPlus gloves balance protection with performance for consistent training sessions.",,images/brands/sting/armaplus/boxing_gloves/T3/,images/brands/sting/armaplus/boxing_gloves/T3/01.png,sting_armaplus_boxing_gloves,sting_armaplus,"Sting ArmaPlus Boxing Gloves in black, shown as a pair with reinforced wrist straps and padded knuckle area.","Sting ArmaPlus boxing gloves with high-density padding and secure wrist fastening, designed for training and sparring.",,,,No,48,course,
Under Armour,Male,Poly Tracksuit,Yes,under armour_male_set,,,,Set,,,,,,,,,,,,,,Set,Set,Adults,Standard,Regular Fit,"training,athleisure",119.99,99.99,"Push your off-duty look up a gear in this sleek Under Armour Poly Tracksuit. Designed with a slick finish and soft stretch, the set offers breathable movement whether you’re warming up or winding down. The zip-through top features a funnel neck and sporty sleeve stripes, while the tapered pants deliver a tailored fit with elastic cuffs for versatility. Finished with tonal Under Armour logos and deep pockets for everyday utility. Styled here in iron grey with black contrast detailing, the model pairs the tracksuit with a curved white cap and retro sneakers for a clean street-ready look.",,images/brands/underarmour/men/poly_tracksuit/,images/brands/underarmour/men/poly_tracksuit/01.png;images/brands/underarmour/men/poly_tracksuit/02.png;images/brands/underarmour/men/poly_tracksuit/03.png;images/brands/underarmour/men/poly_tracksuit/04.png;images/brands/underarmour/men/poly_tracksuit/05.png,under-armour-poly-tracksuit,core,"A male model in a grey Under Armour tracksuit with black side stripes, shown in seven poses including kneeling, standing, close-ups of the logo and pants, and a back view.","Images show a male model wearing the Under Armour Poly Tracksuit set in grey with black stripe detailing. The model appears in a kneeling pose, upright stance, several close-up views of the jacket and pants, a full front pose with hand raised, and a rear view showing the back of the tracksuit.",,,,Yes,49,custom,
Under Armour,Male,Storm Vanish Track Pants,Yes,under armour_male_track_pants_vanish,,,,Track_Pants,,,,,,,,,,,Vanish,,,Pants,Pants,Adults,Standard,Regular Fit,"running,outdoor",89.99,69.99,"UA Storm technology repels water without sacrificing breathability, while 4-way stretch fabric and articulated knees allow unrestricted movement. The tapered fit and ankle cuffs create a clean, modern silhouette that transitions seamlessly from gym to street. Styled here with a coral UA tee and white UA Phantom sneakers, these track pants are ready for whatever your day demands—rain or shine.",,images/brands/underarmour/men/ua_storm_vanish_track_pants/,images/brands/underarmour/men/ua_storm_vanish_track_pants/01.png;images/brands/underarmour/men/ua_storm_vanish_track_pants/02.png;images/brands/underarmour/men/ua_storm_vanish_track_pants/03.png;images/brands/underarmour/men/ua_storm_vanish_track_pants/04.png;images/brands/underarmour/men/ua_storm_vanish_track_pants/05.png,under-armour-storm-vanish-track-pants,core,"Male model wears Under Armour Storm Vanish Track Pants in black with a coral UA tee and white UA Phantom sneakers, shown in multiple poses to highlight the tapered fit, zip pockets, and Storm logo near the ankle cuff.","Male model wears Under Armour Storm Vanish Track Pants in black with a coral UA tee and white UA Phantom sneakers, shown in multiple poses to highlight the tapered fit, zip pockets, and Storm logo near the ankle cuff.",,,,Yes,50,custom,
Under Armour,Female,Wordmark: Strappy Sports Bra,Yes,under armour_female_sports_bra_strappy,,,,Sports_Bra,,,,,,,,,,,Strappy,,,Tops,Tops,Adults,Standard,Compression,"training,gym",55,46.75,"Made to move with you, the Under Armour Wordmark: Strappy Sports Bra delivers sleek support with a barely-there feel. Featuring soft, breathable fabric and branded elastic straps, it’s built for low-impact workouts like yoga, barre, and rest-day stretches. The minimalist silhouette includes mesh panel detailing and the iconic UA logo, offering style and confidence whether you're in the studio or layering it under your everyday looks.",,images/brands/underarmour/women/wordmark_strappy_sports_bra/,images/brands/underarmour/women/wordmark_strappy_sports_bra/01.png;images/brands/underarmour/women/wordmark_strappy_sports_bra/02.png;images/brands/underarmour/women/wordmark_strappy_sports_bra/03.png;images/brands/underarmour/women/wordmark_strappy_sports_bra/04.png;images/brands/underarmour/women/wordmark_strappy_sports_bra/05.png,under-armour-wordmark-strappy-sports-bra,under_armour_wordmark,"Woman wearing the Under Armour Wordmark Strappy Sports Bra in black, styled with black UA leggings and branded elastic straps, shown from multiple angles including front, side, and back views.","Under Armour Wordmark Strappy Sports Bra shown on model in black set with branded straps, mesh panel detail, and styled with coordinating UA leggings.",,,,Yes,51,custom,
Wilson,Male,Crewneck Sweatshirt,Yes,wilson_male_long_sleeve_sweatshirt,,,,Long_Sleeve,,,,,,,,,,,Sweatshirt,,,Tops,Tops,Adults,Standard,Regular Fit,"athleisure,tennis",79.99,67.99,"A stylish crewneck sweater with premium cotton-blend for softness and warmth. The athletic cut makes it ideal for warming up, layering courtside, or casual wear after a match. The gradient fade from blue to white adds a bold, modern twist to classic tennis style.",,images/brands/wilson/men/active_set/parkside_crew/,images/brands/wilson/men/active_set/parkside_crew/01.png;images/brands/wilson/men/active_set/parkside_crew/02.png;images/brands/wilson/men/active_set/parkside_crew/03.png;images/brands/wilson/men/active_set/parkside_crew/04.png,wilson-crewneck-sweatshirt,core,Male tennis player wearing Wilson crewneck sweatshirt in blue and white gradient.,"Image of a man in a Wilson crewneck sweatshirt, transitioning from deep blue at the top to white at the bottom.",,images/wilson/video/rf_collection_by_wilson-06_secs-youtube.mp4;images/wilson/unisex/rf_collection/pro_classic/01/youtube.mp4,,Yes,52,custom,
Wilson,Male,Tournament Shirt,Yes,wilson_male_t_shirt_shirt,,,,T_Shirt,,,,,,,,,,,Shirt,,,Tops,Tops,Adults,Standard,Regular Fit,tennis,70,59.5,"This performance tee features lightweight, breathable fabric with moisture-wicking tech to keep you cool under pressure. A subtle blue tone with a small red Wilson logo at the chest gives it a clean, athletic look—perfect for match day or everyday training.",,images/brands/wilson/men/active_set/tournament_shirt/,images/brands/wilson/men/active_set/tournament_shirt/01.png;images/brands/wilson/men/active_set/tournament_shirt/02.png;images/brands/wilson/men/active_set/tournament_shirt/03.png;images/brands/wilson/men/active_set/tournament_shirt/04.png;images/brands/wilson/men/active_set/tournament_shirt/05.png,wilson-tournament-shirt,wilson_tournament,Man wearing a blue Wilson performance tee with red Wilson logo at center chest.,"Image shows a man dressed in a Wilson short-sleeve tournament tee in blue, standing in a ready position with a tennis ball in hand.",,,,Yes,53,custom,
Wilson,Male,Tournament Shorts,Yes,wilson_male_shorts_shorts; tournament,,,,Shorts,,,,,,,,,,,Shorts; Tournament,,,Pants,Pants,Adults,Standard,Regular Fit,tennis,49.99,42.49,"These unlined, quick-dry performance shorts feature a soft ombré fade from gray-blue to white, matching the sweatshirt. Designed for tennis with side slits and pockets deep enough for tennis balls. A 7"" inseam gives just the right freedom of movement.",,images/brands/wilson/men/active_set/tournament_shorts/,images/brands/wilson/men/active_set/tournament_shorts/01.png;images/brands/wilson/men/active_set/tournament_shorts/02.png;images/brands/wilson/men/active_set/tournament_shorts/03.png;images/brands/wilson/men/active_set/tournament_shorts/04.png;images/brands/wilson/men/active_set/tournament_shorts/05.png,wilson-tournament-shorts,wilson_tournament,"Close-up of Wilson tennis shorts in gray-blue to white ombré, with drawstring waistband and side pockets.","Image displays men’s Wilson tennis shorts with a drawstring waistband and deep side pockets, shown in an ombré fade.",,,,Yes,54,custom,
